child_id,age,gender,language_level,cognitive_level,parental_support,session_id,timestamp,activity_type,task_difficulty,task_completion_time,success,hints_used,errors_made,movement_entropy,fidgeting_score,focus_duration,eye_tracking_score,speaking_turns,emotion_score,engagement_level,instruction_strategy,developmental_prediction
C001,64,M,Low,High,Moderate,C001_S01,2023-03-04,Drawing,3,236.11,True,1,2,0.69,0.06,224.94,0.97,0,0.98,0.69,Visual,On-track
C001,64,M,Low,High,Moderate,C001_S02,2023-05-20,Puzzle,2,162.18,True,0,1,0.36,0.37,153.14,0.89,3,0.22,0.34,Hands-on,On-track
C001,64,M,Low,High,Moderate,C001_S03,2023-01-24,Drawing,2,285.18,False,1,0,0.72,0.44,62.95,0.75,3,-0.38,0.62,Visual,At-risk
C001,64,M,Low,High,Moderate,C001_S04,2023-05-24,Drawing,2,174.63,True,2,3,0.57,0.96,258.02,0.87,6,-0.97,0.54,Hands-on,At-risk
C001,64,M,Low,High,Moderate,C001_S05,2023-04-18,Drawing,1,67.63,True,3,0,0.42,0.12,263.04,0.81,2,-0.35,0.78,Verbal,On-track
C001,64,M,Low,High,Moderate,C001_S06,2023-01-02,Drawing,3,172.76,True,3,1,0.74,0.11,148.62,0.6,7,0.89,0.68,Hands-on,On-track
C001,64,M,Low,High,Moderate,C001_S07,2023-02-09,Drawing,3,56.75,False,3,2,0.83,0.9,115.86,0.56,4,0.02,0.53,Mixed,On-track
C001,64,M,Low,High,Moderate,C001_S08,2023-01-24,Reading,5,210.81,True,0,1,0.6,0.4,47.52,0.63,5,0.95,0.53,Visual,Advanced
C001,64,M,Low,High,Moderate,C001_S09,2023-06-04,Counting,5,110.07,True,1,3,0.43,0.24,246.85,0.74,8,-0.56,0.77,Mixed,At-risk
C001,64,M,Low,High,Moderate,C001_S10,2023-05-18,Puzzle,3,111.11,True,2,3,0.59,0.7,91.71,0.59,8,0.4,0.88,Mixed,On-track
C001,64,M,Low,High,Moderate,C001_S11,2023-05-22,Counting,4,267.26,True,1,2,0.11,0.1,209.15,0.5,5,-0.53,0.46,Mixed,At-risk
C001,64,M,Low,High,Moderate,C001_S12,2023-04-03,Drawing,4,116.28,True,1,3,0.63,0.98,161.42,0.95,6,0.14,0.81,Hands-on,On-track
C001,64,M,Low,High,Moderate,C001_S13,2023-02-28,Counting,1,298.42,True,0,4,0.62,0.98,50.34,0.65,4,0.69,0.94,Mixed,Advanced
C001,64,M,Low,High,Moderate,C001_S14,2023-01-26,Reading,2,188.35,False,0,5,0.36,0.81,248.73,0.93,10,0.16,0.23,Verbal,At-risk
C001,64,M,Low,High,Moderate,C001_S15,2023-04-04,Drawing,1,54.96,False,2,0,0.37,0.54,118.2,0.91,6,-0.72,0.31,Verbal,On-track
C001,64,M,Low,High,Moderate,C001_S16,2023-03-10,Puzzle,2,159.73,True,1,1,0.12,0.96,255.71,0.85,3,0.1,0.77,Hands-on,On-track
C001,64,M,Low,High,Moderate,C001_S17,2023-03-04,Drawing,5,91.18,False,2,1,0.42,0.76,33.89,0.56,1,0.71,0.76,Verbal,On-track
C001,64,M,Low,High,Moderate,C001_S18,2023-06-13,Drawing,4,14.98,True,1,2,0.95,0.89,100.44,0.51,12,0.62,0.86,Hands-on,Advanced
C001,64,M,Low,High,Moderate,C001_S19,2023-01-15,Drawing,4,121.97,False,1,0,0.19,0.02,55.5,0.84,3,0.63,0.43,Mixed,Advanced
C001,64,M,Low,High,Moderate,C001_S20,2023-04-13,Counting,4,210.94,True,1,3,0.61,0.58,227.54,0.56,7,-0.24,0.63,Visual,Advanced
C002,55,F,Low,High,Moderate,C002_S01,2023-04-12,Reading,1,102.81,False,1,1,0.39,0.95,286.66,0.79,8,-0.01,0.25,Visual,On-track
C002,55,F,Low,High,Moderate,C002_S02,2023-05-24,Counting,2,138.04,False,0,0,0.23,0.76,196.92,0.55,2,0.64,0.76,Hands-on,On-track
C002,55,F,Low,High,Moderate,C002_S03,2023-05-30,Reading,5,158.86,True,3,3,0.53,0.38,220.37,0.62,5,0.53,0.86,Verbal,Advanced
C002,55,F,Low,High,Moderate,C002_S04,2023-02-05,Reading,1,207.5,True,1,0,0.58,0.44,246.57,0.99,4,-0.49,0.76,Visual,On-track
C002,55,F,Low,High,Moderate,C002_S05,2023-01-29,Drawing,1,161.7,True,1,3,0.35,0.95,270.37,0.73,4,0.17,0.26,Hands-on,At-risk
C002,55,F,Low,High,Moderate,C002_S06,2023-04-19,Puzzle,1,85.39,True,0,1,0.64,0.27,65.96,0.54,7,-0.18,0.82,Verbal,On-track
C002,55,F,Low,High,Moderate,C002_S07,2023-04-30,Counting,2,296.31,True,1,4,0.35,0.06,263.48,0.91,8,0.91,0.68,Mixed,Advanced
C002,55,F,Low,High,Moderate,C002_S08,2023-01-03,Puzzle,1,204.79,True,0,0,0.7,0.52,238.53,0.76,6,0.51,0.7,Hands-on,On-track
C002,55,F,Low,High,Moderate,C002_S09,2023-03-10,Counting,2,243.46,False,3,1,0.75,0.55,151.75,0.96,7,-0.91,0.7,Visual,On-track
C002,55,F,Low,High,Moderate,C002_S10,2023-04-27,Puzzle,2,105.34,True,0,0,0.22,0.13,71.01,0.57,6,-0.62,0.23,Mixed,Advanced
C002,55,F,Low,High,Moderate,C002_S11,2023-03-09,Drawing,5,110.07,True,0,2,0.9,0.13,119.13,0.66,4,-0.25,0.2,Hands-on,On-track
C002,55,F,Low,High,Moderate,C002_S12,2023-06-10,Counting,4,243.8,True,0,1,0.54,0.62,129.61,0.73,3,0.79,0.61,Mixed,On-track
C002,55,F,Low,High,Moderate,C002_S13,2023-02-20,Drawing,4,41.08,True,1,1,0.12,0.32,87.09,0.66,6,0.07,0.67,Verbal,On-track
C002,55,F,Low,High,Moderate,C002_S14,2023-05-16,Puzzle,1,173.69,True,0,2,0.55,0.33,282.1,0.5,4,0.61,0.24,Hands-on,On-track
C002,55,F,Low,High,Moderate,C002_S15,2023-01-29,Counting,1,33.27,True,2,4,0.25,0.67,280.93,0.78,5,0.02,0.39,Mixed,Advanced
C002,55,F,Low,High,Moderate,C002_S16,2023-03-20,Drawing,1,187.08,True,1,2,0.4,0.13,47.11,0.99,7,-0.3,0.94,Visual,Advanced
C002,55,F,Low,High,Moderate,C002_S17,2023-01-21,Puzzle,4,289.86,True,2,0,0.77,0.57,257.29,0.57,3,0.63,0.73,Hands-on,Advanced
C002,55,F,Low,High,Moderate,C002_S18,2023-05-17,Drawing,2,273.28,True,2,4,0.62,0.36,135.7,0.77,3,-0.33,0.78,Visual,On-track
C002,55,F,Low,High,Moderate,C002_S19,2023-05-21,Drawing,2,50.39,True,1,2,0.38,0.25,230.87,0.52,7,-0.21,0.84,Verbal,Advanced
C002,55,F,Low,High,Moderate,C002_S20,2023-04-19,Drawing,5,151.04,True,1,4,0.96,0.34,91.38,0.71,4,-0.49,0.78,Mixed,At-risk
C003,47,M,High,Medium,Moderate,C003_S01,2023-06-21,Counting,4,173.89,True,2,3,0.94,0.93,151.73,0.56,8,-0.33,0.84,Verbal,On-track
C003,47,M,High,Medium,Moderate,C003_S02,2023-01-31,Drawing,5,185.08,True,1,4,0.13,0.91,97.02,0.79,1,-0.38,0.82,Visual,On-track
C003,47,M,High,Medium,Moderate,C003_S03,2023-05-31,Drawing,3,193.36,True,1,2,0.18,1.0,165.59,0.8,4,-0.62,0.23,Hands-on,On-track
C003,47,M,High,Medium,Moderate,C003_S04,2023-06-11,Puzzle,3,29.06,True,1,2,0.24,0.18,262.68,0.97,4,-0.69,0.77,Visual,Advanced
C003,47,M,High,Medium,Moderate,C003_S05,2023-03-26,Puzzle,5,128.32,True,0,1,0.64,0.34,183.75,0.94,10,-0.83,0.71,Hands-on,On-track
C003,47,M,High,Medium,Moderate,C003_S06,2023-05-05,Drawing,1,70.29,True,0,4,0.33,0.38,189.38,0.63,7,0.74,0.59,Hands-on,At-risk
C003,47,M,High,Medium,Moderate,C003_S07,2023-05-27,Reading,1,150.59,True,2,2,0.22,0.9,216.63,0.84,5,-0.01,0.78,Visual,On-track
C003,47,M,High,Medium,Moderate,C003_S08,2023-04-15,Drawing,5,13.19,True,3,1,0.92,0.42,133.45,0.76,2,-0.83,0.68,Visual,At-risk
C003,47,M,High,Medium,Moderate,C003_S09,2023-04-01,Reading,2,29.79,False,2,4,0.54,0.27,175.76,0.58,7,-0.17,0.76,Verbal,Advanced
C003,47,M,High,Medium,Moderate,C003_S10,2023-01-14,Puzzle,2,143.31,True,0,0,0.97,0.01,57.84,0.66,10,0.27,0.98,Visual,At-risk
C003,47,M,High,Medium,Moderate,C003_S11,2023-01-28,Drawing,2,151.93,True,2,2,0.61,0.92,39.17,0.85,9,0.19,0.38,Visual,On-track
C003,47,M,High,Medium,Moderate,C003_S12,2023-02-05,Reading,4,149.51,False,1,3,0.7,0.74,170.45,0.71,4,-0.63,0.51,Visual,On-track
C003,47,M,High,Medium,Moderate,C003_S13,2023-01-20,Reading,3,30.31,True,0,0,0.13,0.48,186.8,0.64,3,0.46,0.2,Mixed,Advanced
C003,47,M,High,Medium,Moderate,C003_S14,2023-01-26,Puzzle,5,112.84,True,0,1,0.12,0.99,145.5,0.69,5,0.76,0.96,Hands-on,On-track
C003,47,M,High,Medium,Moderate,C003_S15,2023-01-04,Puzzle,3,272.08,False,1,2,0.85,0.12,42.68,0.69,5,0.04,0.68,Mixed,Advanced
C003,47,M,High,Medium,Moderate,C003_S16,2023-02-12,Reading,1,60.43,True,2,2,0.58,0.59,186.62,0.55,8,-0.83,0.53,Verbal,On-track
C003,47,M,High,Medium,Moderate,C003_S17,2023-04-13,Puzzle,3,219.79,True,0,2,0.87,0.5,159.76,0.8,11,0.39,0.74,Visual,On-track
C003,47,M,High,Medium,Moderate,C003_S18,2023-04-10,Counting,3,228.29,True,2,1,0.4,0.74,73.41,0.91,2,-0.43,0.69,Mixed,At-risk
C003,47,M,High,Medium,Moderate,C003_S19,2023-03-15,Reading,1,172.35,True,1,1,0.36,0.02,146.71,0.92,5,0.89,0.33,Hands-on,At-risk
C003,47,M,High,Medium,Moderate,C003_S20,2023-05-23,Reading,4,29.53,True,0,1,0.88,0.97,291.6,0.87,2,-0.96,0.46,Visual,On-track
C004,50,M,High,High,High,C004_S01,2023-01-16,Counting,3,83.23,True,0,2,0.87,0.53,253.0,0.65,6,0.46,0.93,Visual,On-track
C004,50,M,High,High,High,C004_S02,2023-05-09,Drawing,5,195.17,True,0,3,0.29,0.03,205.95,0.68,10,-0.93,0.94,Visual,On-track
C004,50,M,High,High,High,C004_S03,2023-02-17,Puzzle,3,63.78,True,0,2,0.6,0.23,73.42,0.83,5,0.36,0.52,Hands-on,At-risk
C004,50,M,High,High,High,C004_S04,2023-03-02,Reading,3,211.54,False,1,1,0.32,0.99,68.47,0.75,3,-0.35,0.61,Visual,Advanced
C004,50,M,High,High,High,C004_S05,2023-03-05,Puzzle,1,265.93,True,1,2,0.72,0.82,41.12,0.84,7,0.89,0.7,Hands-on,On-track
C004,50,M,High,High,High,C004_S06,2023-05-30,Counting,4,108.44,False,0,4,0.57,0.73,52.04,0.53,5,-0.64,0.83,Mixed,On-track
C004,50,M,High,High,High,C004_S07,2023-03-22,Drawing,3,56.89,True,1,2,0.46,0.22,142.97,0.6,9,0.03,0.67,Verbal,On-track
C004,50,M,High,High,High,C004_S08,2023-06-15,Counting,2,220.32,True,2,3,0.66,0.63,227.94,0.57,5,0.71,0.59,Verbal,Advanced
C004,50,M,High,High,High,C004_S09,2023-01-19,Puzzle,4,127.46,True,2,2,0.87,0.01,188.87,0.8,5,-0.1,0.74,Verbal,Advanced
C004,50,M,High,High,High,C004_S10,2023-01-26,Puzzle,1,134.96,True,2,1,0.76,0.66,158.15,0.92,5,-0.89,0.62,Hands-on,On-track
C004,50,M,High,High,High,C004_S11,2023-02-03,Counting,4,24.99,True,0,1,0.19,0.58,215.82,0.7,2,-0.35,0.98,Mixed,Advanced
C004,50,M,High,High,High,C004_S12,2023-04-05,Counting,3,151.77,True,0,0,0.38,0.7,84.5,0.84,5,0.39,0.87,Visual,Advanced
C004,50,M,High,High,High,C004_S13,2023-06-30,Counting,2,118.55,True,0,3,0.82,0.92,192.16,0.97,6,0.73,0.99,Hands-on,Advanced
C004,50,M,High,High,High,C004_S14,2023-06-17,Puzzle,5,236.89,True,2,3,0.82,0.44,250.82,0.56,1,-0.35,0.49,Hands-on,On-track
C004,50,M,High,High,High,C004_S15,2023-06-19,Puzzle,5,120.32,True,1,1,0.63,0.17,203.5,0.88,7,0.05,0.4,Mixed,On-track
C004,50,M,High,High,High,C004_S16,2023-01-30,Puzzle,4,186.29,True,3,1,0.68,0.9,95.74,0.96,3,-0.03,0.41,Hands-on,On-track
C004,50,M,High,High,High,C004_S17,2023-03-14,Drawing,4,204.33,False,1,0,0.75,0.4,293.72,0.91,5,0.59,0.35,Hands-on,On-track
C004,50,M,High,High,High,C004_S18,2023-06-12,Counting,4,133.11,True,1,1,0.1,0.64,169.1,0.8,7,-0.4,0.79,Hands-on,On-track
C004,50,M,High,High,High,C004_S19,2023-01-14,Puzzle,4,132.88,True,0,3,0.76,0.86,88.52,0.55,3,-0.54,0.51,Hands-on,Advanced
C004,50,M,High,High,High,C004_S20,2023-01-12,Puzzle,5,26.95,True,0,3,0.75,0.02,122.09,0.91,7,-0.27,0.47,Verbal,On-track
C005,39,F,Low,High,Moderate,C005_S01,2023-05-22,Reading,5,160.53,True,1,4,0.4,0.67,298.42,0.83,4,0.92,0.34,Hands-on,On-track
C005,39,F,Low,High,Moderate,C005_S02,2023-06-26,Drawing,1,59.44,True,1,0,0.37,0.98,158.22,0.69,2,0.47,0.81,Hands-on,Advanced
C005,39,F,Low,High,Moderate,C005_S03,2023-05-30,Drawing,1,254.19,True,1,1,0.84,0.78,221.36,0.52,3,0.87,0.64,Verbal,On-track
C005,39,F,Low,High,Moderate,C005_S04,2023-04-04,Puzzle,3,249.33,True,2,3,0.55,0.4,175.73,0.81,5,-0.35,0.22,Mixed,On-track
C005,39,F,Low,High,Moderate,C005_S05,2023-03-05,Puzzle,3,211.54,True,3,5,0.55,0.4,69.52,0.68,1,-0.73,0.97,Verbal,On-track
C005,39,F,Low,High,Moderate,C005_S06,2023-04-15,Drawing,4,235.25,True,3,1,0.12,0.6,128.5,0.69,5,-0.41,0.54,Mixed,On-track
C005,39,F,Low,High,Moderate,C005_S07,2023-02-11,Drawing,1,51.25,True,0,0,0.72,0.06,167.54,1.0,6,0.77,0.56,Mixed,On-track
C005,39,F,Low,High,Moderate,C005_S08,2023-03-27,Reading,5,112.73,True,1,2,0.22,0.42,243.39,0.79,6,-0.87,0.23,Mixed,Advanced
C005,39,F,Low,High,Moderate,C005_S09,2023-03-05,Counting,1,41.82,True,2,1,0.39,0.74,158.52,0.69,9,0.68,0.23,Visual,At-risk
C005,39,F,Low,High,Moderate,C005_S10,2023-04-08,Puzzle,4,236.54,False,1,1,0.9,0.45,268.26,0.55,3,0.49,0.73,Mixed,On-track
C005,39,F,Low,High,Moderate,C005_S11,2023-04-28,Counting,3,30.66,True,2,1,0.8,0.66,80.0,0.59,4,-0.84,0.97,Verbal,At-risk
C005,39,F,Low,High,Moderate,C005_S12,2023-02-28,Drawing,1,293.04,True,0,1,0.16,0.96,159.13,0.95,3,-0.03,0.94,Visual,On-track
C005,39,F,Low,High,Moderate,C005_S13,2023-03-26,Counting,4,55.43,True,0,1,0.44,0.55,134.94,0.58,4,0.98,0.74,Mixed,Advanced
C005,39,F,Low,High,Moderate,C005_S14,2023-03-13,Counting,1,84.95,True,1,3,0.15,0.32,233.36,0.63,4,0.93,0.59,Hands-on,On-track
C005,39,F,Low,High,Moderate,C005_S15,2023-05-18,Counting,4,222.51,True,1,2,0.89,0.64,235.5,0.58,1,-0.51,0.78,Mixed,On-track
C005,39,F,Low,High,Moderate,C005_S16,2023-03-08,Drawing,1,90.59,True,2,4,0.58,0.52,258.97,0.92,3,0.36,0.81,Hands-on,Advanced
C005,39,F,Low,High,Moderate,C005_S17,2023-01-10,Puzzle,3,298.94,True,1,3,0.73,0.0,197.29,0.68,5,0.16,0.65,Hands-on,On-track
C005,39,F,Low,High,Moderate,C005_S18,2023-03-22,Reading,4,25.31,True,1,0,0.39,0.64,70.23,0.85,6,0.47,0.39,Hands-on,On-track
C005,39,F,Low,High,Moderate,C005_S19,2023-04-09,Drawing,4,28.14,False,2,1,0.55,0.18,215.2,1.0,8,0.17,0.76,Verbal,At-risk
C005,39,F,Low,High,Moderate,C005_S20,2023-01-01,Drawing,3,96.63,False,0,3,0.82,0.46,160.4,0.57,6,0.22,0.31,Verbal,On-track
C006,66,F,High,Medium,High,C006_S01,2023-02-01,Counting,4,200.52,False,0,0,0.35,0.26,96.68,0.95,5,-0.02,0.23,Hands-on,At-risk
C006,66,F,High,Medium,High,C006_S02,2023-03-25,Reading,4,189.71,True,0,2,0.31,0.73,178.05,0.56,9,-0.32,0.45,Hands-on,On-track
C006,66,F,High,Medium,High,C006_S03,2023-02-19,Reading,5,186.47,True,0,1,0.33,0.85,181.53,0.76,3,0.42,0.63,Hands-on,On-track
C006,66,F,High,Medium,High,C006_S04,2023-02-14,Counting,2,150.56,True,3,3,0.56,0.81,153.99,0.53,4,0.51,0.62,Verbal,Advanced
C006,66,F,High,Medium,High,C006_S05,2023-03-19,Counting,5,201.29,True,0,4,0.18,0.34,106.26,0.7,4,-0.12,0.36,Visual,At-risk
C006,66,F,High,Medium,High,C006_S06,2023-06-05,Counting,4,161.77,True,2,4,0.73,0.79,115.53,0.93,5,0.79,0.72,Verbal,On-track
C006,66,F,High,Medium,High,C006_S07,2023-02-24,Reading,3,100.82,True,2,3,0.21,0.73,117.21,1.0,4,-0.94,0.86,Mixed,Advanced
C006,66,F,High,Medium,High,C006_S08,2023-02-13,Puzzle,2,33.03,True,0,4,0.52,0.82,154.0,0.68,6,-0.52,0.31,Verbal,At-risk
C006,66,F,High,Medium,High,C006_S09,2023-06-08,Counting,1,224.5,True,1,4,0.13,0.74,58.71,0.66,0,0.36,0.33,Visual,Advanced
C006,66,F,High,Medium,High,C006_S10,2023-03-02,Counting,4,75.88,False,0,3,0.29,0.03,112.07,0.83,9,-0.11,0.57,Visual,On-track
C006,66,F,High,Medium,High,C006_S11,2023-01-07,Puzzle,4,120.67,True,1,1,0.48,0.03,290.89,0.56,12,-0.76,0.25,Visual,On-track
C006,66,F,High,Medium,High,C006_S12,2023-01-19,Reading,1,80.15,True,1,2,0.77,0.05,273.78,0.93,4,-0.52,0.84,Verbal,At-risk
C006,66,F,High,Medium,High,C006_S13,2023-02-19,Reading,4,179.01,False,2,2,0.18,0.91,210.68,0.91,8,-0.11,0.69,Verbal,On-track
C006,66,F,High,Medium,High,C006_S14,2023-06-17,Puzzle,3,139.12,True,2,3,0.34,0.47,295.64,0.63,2,-0.92,0.68,Mixed,Advanced
C006,66,F,High,Medium,High,C006_S15,2023-01-28,Reading,3,50.61,True,1,1,0.65,0.28,85.89,0.76,0,-0.98,0.38,Visual,Advanced
C006,66,F,High,Medium,High,C006_S16,2023-06-28,Reading,3,254.74,True,1,1,0.14,0.28,250.5,0.64,4,0.35,0.24,Visual,On-track
C006,66,F,High,Medium,High,C006_S17,2023-02-01,Reading,3,48.13,True,1,4,0.84,0.96,251.72,0.5,3,0.21,0.75,Visual,On-track
C006,66,F,High,Medium,High,C006_S18,2023-05-16,Counting,2,202.93,False,1,3,0.39,0.75,141.42,0.82,5,-0.69,0.34,Mixed,Advanced
C006,66,F,High,Medium,High,C006_S19,2023-06-06,Reading,3,224.88,True,4,1,0.46,0.91,248.17,0.61,5,-0.84,0.63,Mixed,On-track
C006,66,F,High,Medium,High,C006_S20,2023-02-10,Reading,2,181.18,True,1,2,0.9,0.01,129.91,0.51,5,0.52,0.96,Verbal,At-risk
C007,54,F,High,Medium,High,C007_S01,2023-03-03,Counting,5,160.0,True,0,3,0.86,0.53,257.27,0.79,4,0.95,0.63,Verbal,At-risk
C007,54,F,High,Medium,High,C007_S02,2023-03-02,Counting,5,121.42,True,0,1,0.12,0.76,153.8,0.64,8,0.92,0.51,Verbal,Advanced
C007,54,F,High,Medium,High,C007_S03,2023-01-21,Drawing,5,291.52,True,2,1,0.85,0.36,253.24,0.85,5,-0.67,0.67,Visual,On-track
C007,54,F,High,Medium,High,C007_S04,2023-02-09,Drawing,5,138.77,True,1,5,0.46,0.04,158.4,0.77,8,0.59,0.42,Visual,On-track
C007,54,F,High,Medium,High,C007_S05,2023-05-19,Reading,2,283.77,True,2,3,0.28,0.76,134.37,0.76,10,0.71,0.55,Verbal,On-track
C007,54,F,High,Medium,High,C007_S06,2023-04-18,Reading,1,96.55,True,0,1,0.97,0.22,228.19,0.88,5,0.64,0.47,Mixed,On-track
C007,54,F,High,Medium,High,C007_S07,2023-06-28,Puzzle,3,71.1,False,0,4,0.76,0.83,229.93,0.57,7,-0.84,0.53,Mixed,At-risk
C007,54,F,High,Medium,High,C007_S08,2023-04-08,Reading,3,111.16,True,2,3,0.55,0.79,220.91,0.53,3,-0.44,0.84,Visual,On-track
C007,54,F,High,Medium,High,C007_S09,2023-04-10,Reading,3,16.39,True,2,0,0.29,0.42,235.1,0.59,8,-0.39,0.43,Hands-on,At-risk
C007,54,F,High,Medium,High,C007_S10,2023-06-04,Drawing,4,51.43,True,0,2,0.67,0.05,232.13,0.66,0,0.02,0.24,Verbal,On-track
C007,54,F,High,Medium,High,C007_S11,2023-05-05,Puzzle,1,28.18,False,0,2,0.19,0.36,103.01,0.92,7,0.37,0.6,Verbal,At-risk
C007,54,F,High,Medium,High,C007_S12,2023-04-14,Drawing,1,279.75,False,1,2,0.35,0.13,212.55,0.97,5,-0.23,0.89,Mixed,Advanced
C007,54,F,High,Medium,High,C007_S13,2023-06-09,Puzzle,3,142.73,True,1,0,0.79,0.42,251.99,0.93,6,-0.41,0.31,Mixed,On-track
C007,54,F,High,Medium,High,C007_S14,2023-06-19,Puzzle,4,224.19,True,1,2,0.36,0.37,45.68,0.56,3,-0.24,0.47,Visual,On-track
C007,54,F,High,Medium,High,C007_S15,2023-04-29,Drawing,1,46.07,True,1,2,0.52,0.96,170.14,0.84,6,0.54,0.85,Visual,On-track
C007,54,F,High,Medium,High,C007_S16,2023-02-24,Reading,2,62.7,True,0,2,0.68,0.57,183.38,0.83,7,-0.7,0.92,Verbal,At-risk
C007,54,F,High,Medium,High,C007_S17,2023-04-08,Counting,5,76.19,True,1,1,0.96,0.94,242.0,1.0,4,-0.61,0.31,Mixed,Advanced
C007,54,F,High,Medium,High,C007_S18,2023-03-06,Puzzle,2,255.69,True,0,3,0.68,0.81,285.8,0.67,6,-0.54,0.24,Verbal,At-risk
C007,54,F,High,Medium,High,C007_S19,2023-01-14,Counting,1,287.8,True,0,2,0.35,0.81,154.11,0.77,2,-0.11,0.37,Visual,On-track
C007,54,F,High,Medium,High,C007_S20,2023-06-16,Puzzle,3,205.56,True,2,1,0.67,0.5,139.8,0.98,5,-0.97,0.21,Mixed,Advanced
C008,64,M,Low,High,Low,C008_S01,2023-03-03,Drawing,3,112.96,True,2,3,0.31,0.46,240.96,0.98,8,0.62,0.34,Verbal,On-track
C008,64,M,Low,High,Low,C008_S02,2023-02-25,Reading,3,83.61,True,1,0,0.91,0.15,297.32,0.98,5,-0.88,0.56,Hands-on,At-risk
C008,64,M,Low,High,Low,C008_S03,2023-02-12,Puzzle,2,113.57,True,0,2,0.32,0.19,277.92,0.55,2,-0.93,0.34,Mixed,On-track
C008,64,M,Low,High,Low,C008_S04,2023-03-21,Puzzle,2,207.07,True,1,2,0.86,0.14,146.13,0.95,7,-0.41,0.68,Hands-on,Advanced
C008,64,M,Low,High,Low,C008_S05,2023-05-28,Reading,4,194.45,True,0,2,0.84,0.05,226.22,0.89,4,-0.42,0.94,Verbal,At-risk
C008,64,M,Low,High,Low,C008_S06,2023-01-20,Drawing,5,232.01,True,1,0,0.98,0.23,112.13,0.65,1,0.46,0.97,Visual,At-risk
C008,64,M,Low,High,Low,C008_S07,2023-06-25,Puzzle,3,202.28,True,1,1,0.74,0.82,79.04,0.69,7,0.09,0.77,Mixed,On-track
C008,64,M,Low,High,Low,C008_S08,2023-01-11,Counting,3,88.02,True,0,2,0.95,0.63,65.08,0.78,5,-0.64,0.28,Hands-on,At-risk
C008,64,M,Low,High,Low,C008_S09,2023-01-18,Counting,1,45.39,True,1,0,0.15,0.14,87.62,0.83,4,0.1,0.45,Visual,On-track
C008,64,M,Low,High,Low,C008_S10,2023-05-06,Puzzle,2,57.28,True,1,0,0.86,0.01,220.0,0.99,6,0.01,0.77,Verbal,On-track
C008,64,M,Low,High,Low,C008_S11,2023-04-28,Drawing,5,288.84,True,1,4,0.83,0.5,49.14,0.66,6,-0.96,0.51,Verbal,At-risk
C008,64,M,Low,High,Low,C008_S12,2023-06-16,Counting,5,112.36,True,0,2,0.81,0.29,146.85,0.84,3,0.28,0.74,Hands-on,Advanced
C008,64,M,Low,High,Low,C008_S13,2023-05-04,Reading,3,237.73,True,1,2,0.51,0.98,57.84,0.77,5,-0.85,0.68,Verbal,At-risk
C008,64,M,Low,High,Low,C008_S14,2023-03-10,Counting,2,150.08,True,0,3,0.17,0.95,110.27,0.55,4,0.93,0.4,Mixed,Advanced
C008,64,M,Low,High,Low,C008_S15,2023-01-23,Counting,2,140.7,True,1,1,0.26,0.12,151.25,0.81,2,0.54,0.7,Mixed,On-track
C008,64,M,Low,High,Low,C008_S16,2023-04-29,Reading,1,24.64,True,1,2,0.75,0.62,229.64,0.61,5,0.61,0.89,Verbal,On-track
C008,64,M,Low,High,Low,C008_S17,2023-03-25,Drawing,4,135.98,True,0,3,0.74,0.09,83.8,0.94,2,-0.57,0.42,Verbal,On-track
C008,64,M,Low,High,Low,C008_S18,2023-03-08,Counting,2,28.13,True,2,0,0.96,0.84,247.37,0.91,7,-0.26,0.94,Verbal,On-track
C008,64,M,Low,High,Low,C008_S19,2023-03-12,Puzzle,3,166.12,True,1,4,0.73,0.43,149.49,0.82,4,-0.96,0.44,Hands-on,On-track
C008,64,M,Low,High,Low,C008_S20,2023-03-03,Reading,5,146.16,True,0,2,0.47,0.92,60.21,0.76,7,0.85,0.55,Verbal,At-risk
C009,58,F,High,High,Moderate,C009_S01,2023-04-25,Puzzle,1,113.5,True,2,3,0.56,0.94,266.61,0.55,8,-0.12,0.69,Visual,On-track
C009,58,F,High,High,Moderate,C009_S02,2023-06-27,Drawing,5,143.16,True,1,3,0.58,0.79,110.13,0.77,6,-0.76,0.37,Verbal,On-track
C009,58,F,High,High,Moderate,C009_S03,2023-05-02,Counting,3,81.15,True,1,2,0.6,0.42,145.81,0.77,7,-0.77,0.68,Verbal,At-risk
C009,58,F,High,High,Moderate,C009_S04,2023-03-26,Counting,5,107.79,True,1,2,0.56,0.42,34.89,0.9,5,-0.98,0.78,Hands-on,On-track
C009,58,F,High,High,Moderate,C009_S05,2023-03-06,Drawing,1,144.87,False,0,0,0.36,0.53,167.85,0.91,2,-0.18,0.72,Visual,On-track
C009,58,F,High,High,Moderate,C009_S06,2023-01-31,Drawing,2,271.51,True,0,4,0.68,0.07,131.38,0.9,5,-0.25,0.25,Visual,At-risk
C009,58,F,High,High,Moderate,C009_S07,2023-03-12,Counting,4,144.63,True,2,2,0.1,0.8,238.66,0.77,7,0.34,0.7,Mixed,Advanced
C009,58,F,High,High,Moderate,C009_S08,2023-03-17,Drawing,5,122.12,True,0,1,0.33,0.61,146.95,0.89,8,0.2,0.89,Verbal,On-track
C009,58,F,High,High,Moderate,C009_S09,2023-05-17,Drawing,4,220.06,True,1,0,0.5,0.45,288.79,0.72,7,-0.44,0.72,Verbal,Advanced
C009,58,F,High,High,Moderate,C009_S10,2023-05-22,Counting,2,201.97,False,2,0,0.73,0.37,146.73,0.52,3,0.11,0.23,Hands-on,On-track
C009,58,F,High,High,Moderate,C009_S11,2023-05-06,Puzzle,2,237.29,True,0,3,0.18,0.75,249.43,0.85,6,-0.07,0.66,Mixed,On-track
C009,58,F,High,High,Moderate,C009_S12,2023-05-01,Reading,5,102.25,False,2,0,0.17,0.31,34.25,0.51,5,0.88,0.53,Verbal,On-track
C009,58,F,High,High,Moderate,C009_S13,2023-01-14,Counting,5,180.21,True,2,2,0.64,0.93,280.87,0.67,8,-0.09,0.74,Mixed,On-track
C009,58,F,High,High,Moderate,C009_S14,2023-01-17,Reading,2,41.92,False,1,2,0.6,0.75,248.77,0.71,2,-0.09,0.96,Verbal,On-track
C009,58,F,High,High,Moderate,C009_S15,2023-06-25,Puzzle,2,15.55,True,2,4,0.24,0.57,104.79,0.96,3,-0.94,0.54,Visual,Advanced
C009,58,F,High,High,Moderate,C009_S16,2023-03-19,Puzzle,1,185.99,False,2,3,0.36,0.8,299.25,0.52,6,-0.87,0.98,Mixed,On-track
C009,58,F,High,High,Moderate,C009_S17,2023-04-17,Drawing,1,204.1,False,0,3,0.53,0.06,284.44,0.54,4,-0.98,0.32,Mixed,On-track
C009,58,F,High,High,Moderate,C009_S18,2023-04-24,Counting,3,104.61,True,0,0,0.33,0.36,211.98,0.53,5,-0.83,0.59,Mixed,Advanced
C009,58,F,High,High,Moderate,C009_S19,2023-03-20,Puzzle,3,173.39,False,0,2,0.66,0.27,161.72,0.54,3,-0.16,0.57,Hands-on,At-risk
C009,58,F,High,High,Moderate,C009_S20,2023-02-23,Drawing,5,110.65,True,2,0,0.21,0.56,236.59,0.97,2,0.31,0.65,Verbal,On-track
C010,54,M,Low,High,Low,C010_S01,2023-02-10,Puzzle,4,114.81,False,1,2,0.28,0.95,77.38,0.78,6,-0.72,0.66,Verbal,At-risk
C010,54,M,Low,High,Low,C010_S02,2023-05-01,Counting,4,57.94,False,1,4,0.81,0.25,283.5,0.95,5,-0.49,0.62,Visual,On-track
C010,54,M,Low,High,Low,C010_S03,2023-03-14,Reading,4,82.4,True,0,4,0.51,0.35,55.32,0.74,3,-0.52,0.93,Visual,On-track
C010,54,M,Low,High,Low,C010_S04,2023-03-09,Drawing,5,145.23,True,0,2,1.0,0.77,137.42,0.91,1,-0.59,0.47,Verbal,On-track
C010,54,M,Low,High,Low,C010_S05,2023-06-15,Drawing,3,188.39,False,1,0,0.13,0.55,148.31,0.92,1,-0.1,0.39,Mixed,Advanced
C010,54,M,Low,High,Low,C010_S06,2023-01-19,Puzzle,4,220.13,True,1,1,0.82,0.39,232.71,0.56,6,-0.96,0.86,Visual,On-track
C010,54,M,Low,High,Low,C010_S07,2023-05-26,Counting,1,92.01,True,0,1,0.14,0.64,191.27,0.83,5,0.83,0.47,Verbal,On-track
C010,54,M,Low,High,Low,C010_S08,2023-03-19,Reading,5,12.98,True,3,1,0.5,0.26,122.71,0.92,4,-0.82,0.33,Mixed,On-track
C010,54,M,Low,High,Low,C010_S09,2023-05-07,Reading,4,89.16,True,2,0,0.15,0.9,204.83,0.64,2,0.88,0.83,Visual,On-track
C010,54,M,Low,High,Low,C010_S10,2023-04-21,Counting,3,71.61,True,1,5,0.27,0.18,122.37,0.71,5,-0.4,0.68,Hands-on,On-track
C010,54,M,Low,High,Low,C010_S11,2023-02-28,Puzzle,1,57.68,True,2,6,0.46,0.33,32.92,0.91,4,0.96,0.37,Mixed,At-risk
C010,54,M,Low,High,Low,C010_S12,2023-03-10,Puzzle,1,269.75,True,3,4,0.48,0.79,38.58,0.89,2,-0.95,0.62,Mixed,On-track
C010,54,M,Low,High,Low,C010_S13,2023-05-13,Reading,5,188.05,True,1,3,0.43,0.81,118.61,0.6,4,-0.24,0.85,Mixed,On-track
C010,54,M,Low,High,Low,C010_S14,2023-05-30,Reading,5,121.54,True,0,1,0.94,0.68,173.52,0.52,7,-0.16,0.29,Hands-on,On-track
C010,54,M,Low,High,Low,C010_S15,2023-01-24,Reading,3,234.34,True,2,2,0.39,0.44,272.8,0.98,5,-0.42,0.65,Verbal,On-track
C010,54,M,Low,High,Low,C010_S16,2023-06-21,Puzzle,4,273.1,True,0,2,0.39,0.97,100.83,0.66,4,-0.43,0.27,Mixed,On-track
C010,54,M,Low,High,Low,C010_S17,2023-06-27,Reading,2,22.49,True,1,2,0.95,0.24,59.06,0.88,6,0.77,0.65,Verbal,Advanced
C010,54,M,Low,High,Low,C010_S18,2023-05-21,Puzzle,2,11.85,False,2,4,0.8,0.27,297.39,0.51,5,0.25,0.38,Verbal,On-track
C010,54,M,Low,High,Low,C010_S19,2023-03-24,Puzzle,4,168.47,True,0,1,0.78,0.9,52.71,0.7,1,0.32,0.68,Mixed,On-track
C010,54,M,Low,High,Low,C010_S20,2023-05-12,Puzzle,2,32.27,True,2,1,0.35,0.04,280.27,0.61,1,0.72,0.78,Hands-on,On-track
C011,51,F,Low,Low,High,C011_S01,2023-04-03,Reading,1,238.34,True,0,3,0.35,0.71,103.3,0.95,3,0.66,0.84,Hands-on,At-risk
C011,51,F,Low,Low,High,C011_S02,2023-02-22,Counting,5,102.09,True,0,0,0.27,0.05,199.14,0.64,8,-0.57,0.37,Hands-on,Advanced
C011,51,F,Low,Low,High,C011_S03,2023-04-23,Reading,5,230.45,True,0,1,0.47,0.68,45.3,0.52,7,-0.54,0.53,Visual,Advanced
C011,51,F,Low,Low,High,C011_S04,2023-06-05,Drawing,4,204.99,False,2,1,0.42,0.67,103.07,0.54,9,0.24,0.53,Hands-on,On-track
C011,51,F,Low,Low,High,C011_S05,2023-01-04,Reading,2,189.44,True,1,0,0.49,0.28,64.88,0.55,5,0.3,0.82,Visual,Advanced
C011,51,F,Low,Low,High,C011_S06,2023-01-30,Reading,2,184.72,True,0,1,0.97,0.14,70.98,0.94,2,-1.0,0.5,Mixed,At-risk
C011,51,F,Low,Low,High,C011_S07,2023-02-09,Reading,4,232.89,True,1,2,0.15,0.13,193.62,0.92,3,0.86,0.47,Mixed,On-track
C011,51,F,Low,Low,High,C011_S08,2023-06-30,Counting,4,18.07,True,2,4,0.82,0.4,247.61,0.8,1,-0.27,0.64,Verbal,On-track
C011,51,F,Low,Low,High,C011_S09,2023-05-01,Drawing,5,184.26,True,2,2,0.73,0.9,243.89,0.84,3,-0.46,0.37,Verbal,On-track
C011,51,F,Low,Low,High,C011_S10,2023-02-18,Drawing,4,104.49,True,1,3,0.21,0.81,279.55,0.73,7,-0.35,0.64,Mixed,On-track
C011,51,F,Low,Low,High,C011_S11,2023-04-17,Counting,5,287.71,True,1,2,0.45,0.24,55.64,0.66,4,0.75,1.0,Mixed,On-track
C011,51,F,Low,Low,High,C011_S12,2023-01-01,Counting,3,245.62,True,0,3,0.22,0.63,64.65,0.79,8,-0.43,0.55,Hands-on,Advanced
C011,51,F,Low,Low,High,C011_S13,2023-05-29,Reading,5,240.99,True,0,2,0.37,0.28,238.31,0.83,4,-0.41,0.95,Mixed,On-track
C011,51,F,Low,Low,High,C011_S14,2023-05-04,Counting,2,154.46,True,0,4,0.76,0.36,203.06,0.73,5,-0.37,0.25,Verbal,At-risk
C011,51,F,Low,Low,High,C011_S15,2023-04-07,Reading,1,251.63,True,4,3,0.62,0.35,250.26,0.73,2,-0.0,0.29,Mixed,Advanced
C011,51,F,Low,Low,High,C011_S16,2023-06-28,Drawing,4,126.2,True,1,2,0.68,0.06,249.71,0.97,6,-0.32,0.3,Hands-on,On-track
C011,51,F,Low,Low,High,C011_S17,2023-04-16,Puzzle,5,205.93,True,2,0,0.43,0.1,61.45,0.63,5,0.76,0.65,Verbal,On-track
C011,51,F,Low,Low,High,C011_S18,2023-04-08,Reading,3,135.5,True,0,4,0.53,0.63,253.74,0.89,5,0.44,0.23,Mixed,At-risk
C011,51,F,Low,Low,High,C011_S19,2023-06-16,Drawing,3,159.72,True,2,2,0.98,0.09,249.88,0.64,4,0.2,0.92,Verbal,On-track
C011,51,F,Low,Low,High,C011_S20,2023-05-09,Counting,4,228.12,False,1,1,0.34,0.5,48.39,0.61,3,-0.51,0.89,Mixed,Advanced
C012,63,F,Low,High,Moderate,C012_S01,2023-01-04,Drawing,4,14.16,True,0,4,0.59,0.37,198.84,0.51,4,0.71,0.96,Verbal,At-risk
C012,63,F,Low,High,Moderate,C012_S02,2023-02-09,Puzzle,3,121.01,False,0,1,0.16,0.57,182.82,0.94,3,-0.91,0.35,Verbal,Advanced
C012,63,F,Low,High,Moderate,C012_S03,2023-03-28,Reading,1,197.22,True,2,0,0.25,0.13,63.29,0.76,6,0.11,0.26,Hands-on,Advanced
C012,63,F,Low,High,Moderate,C012_S04,2023-06-22,Reading,4,59.26,True,0,3,0.12,0.99,41.19,0.98,4,-0.9,0.69,Mixed,At-risk
C012,63,F,Low,High,Moderate,C012_S05,2023-05-05,Puzzle,2,206.49,True,2,1,0.8,0.99,94.98,0.94,5,0.6,0.47,Hands-on,On-track
C012,63,F,Low,High,Moderate,C012_S06,2023-06-25,Counting,4,131.8,True,3,1,0.47,0.55,138.74,0.76,4,-0.68,0.96,Mixed,At-risk
C012,63,F,Low,High,Moderate,C012_S07,2023-04-22,Puzzle,5,135.88,True,1,3,0.94,0.35,95.83,0.83,3,0.65,0.4,Mixed,At-risk
C012,63,F,Low,High,Moderate,C012_S08,2023-01-26,Reading,2,22.56,True,0,2,0.56,0.13,148.95,0.66,4,-0.17,0.93,Visual,On-track
C012,63,F,Low,High,Moderate,C012_S09,2023-01-08,Puzzle,5,223.04,True,2,1,0.66,0.55,139.99,0.76,2,0.72,0.66,Verbal,On-track
C012,63,F,Low,High,Moderate,C012_S10,2023-04-02,Counting,1,101.66,True,2,1,0.25,0.18,243.49,0.69,5,0.45,0.82,Verbal,On-track
C012,63,F,Low,High,Moderate,C012_S11,2023-04-16,Drawing,1,72.06,True,1,0,0.68,0.67,245.64,0.97,1,0.77,0.57,Visual,On-track
C012,63,F,Low,High,Moderate,C012_S12,2023-04-08,Drawing,4,244.24,False,1,2,0.67,0.32,45.42,0.57,0,0.81,0.22,Verbal,On-track
C012,63,F,Low,High,Moderate,C012_S13,2023-03-01,Reading,4,155.02,True,0,3,0.29,0.98,204.31,0.97,6,0.34,0.78,Hands-on,On-track
C012,63,F,Low,High,Moderate,C012_S14,2023-06-20,Puzzle,4,69.98,True,0,3,0.46,0.27,83.63,0.89,8,-0.88,0.59,Mixed,On-track
C012,63,F,Low,High,Moderate,C012_S15,2023-03-15,Drawing,3,82.08,True,2,3,0.72,0.95,214.29,0.67,4,0.6,0.89,Visual,Advanced
C012,63,F,Low,High,Moderate,C012_S16,2023-05-31,Counting,3,286.19,True,4,1,0.73,0.74,212.99,0.63,3,-0.05,0.88,Hands-on,On-track
C012,63,F,Low,High,Moderate,C012_S17,2023-03-06,Reading,4,66.42,False,2,2,0.81,0.98,281.77,0.97,5,-0.72,0.69,Mixed,On-track
C012,63,F,Low,High,Moderate,C012_S18,2023-04-09,Reading,2,23.69,False,2,2,0.8,0.39,67.6,0.51,6,0.76,0.6,Visual,On-track
C012,63,F,Low,High,Moderate,C012_S19,2023-04-02,Counting,5,130.6,True,1,3,0.47,0.82,271.67,0.93,3,0.86,0.73,Mixed,On-track
C012,63,F,Low,High,Moderate,C012_S20,2023-06-18,Reading,1,298.76,True,1,0,0.28,0.42,89.3,0.5,5,0.45,0.94,Verbal,On-track
C013,68,M,High,High,Moderate,C013_S01,2023-03-15,Drawing,1,44.55,True,0,3,0.13,0.99,92.84,0.53,2,0.6,0.47,Hands-on,On-track
C013,68,M,High,High,Moderate,C013_S02,2023-06-12,Drawing,5,209.09,False,3,1,0.83,0.32,181.86,0.64,9,-0.96,0.92,Hands-on,At-risk
C013,68,M,High,High,Moderate,C013_S03,2023-06-18,Drawing,3,10.17,True,0,1,0.27,0.56,108.67,0.71,5,0.91,0.25,Hands-on,Advanced
C013,68,M,High,High,Moderate,C013_S04,2023-06-15,Puzzle,2,96.44,True,0,1,0.67,0.12,49.04,0.95,3,0.91,0.4,Verbal,On-track
C013,68,M,High,High,Moderate,C013_S05,2023-05-29,Counting,5,50.31,True,1,0,0.85,0.5,33.88,0.9,10,0.66,0.72,Hands-on,On-track
C013,68,M,High,High,Moderate,C013_S06,2023-03-17,Counting,1,197.2,True,1,2,0.35,0.96,287.48,0.68,2,0.9,0.31,Hands-on,On-track
C013,68,M,High,High,Moderate,C013_S07,2023-02-03,Counting,2,41.52,False,1,2,0.23,0.94,277.76,0.94,4,0.27,0.48,Hands-on,Advanced
C013,68,M,High,High,Moderate,C013_S08,2023-02-12,Counting,2,182.98,False,1,1,0.37,0.64,192.26,0.85,5,-0.78,0.91,Mixed,Advanced
C013,68,M,High,High,Moderate,C013_S09,2023-03-17,Counting,1,208.32,True,1,0,0.65,0.24,134.44,0.54,2,0.82,0.2,Mixed,On-track
C013,68,M,High,High,Moderate,C013_S10,2023-01-20,Drawing,1,81.21,False,0,0,0.61,0.58,222.97,0.62,4,-0.4,0.68,Mixed,On-track
C013,68,M,High,High,Moderate,C013_S11,2023-06-23,Reading,1,117.9,True,0,4,0.33,0.47,91.28,0.87,8,0.52,0.85,Mixed,Advanced
C013,68,M,High,High,Moderate,C013_S12,2023-04-04,Puzzle,3,135.77,False,0,6,0.15,0.4,211.91,0.73,6,-0.42,0.8,Mixed,On-track
C013,68,M,High,High,Moderate,C013_S13,2023-05-18,Puzzle,5,120.34,True,1,4,0.66,0.68,210.02,0.76,2,-0.28,0.47,Verbal,At-risk
C013,68,M,High,High,Moderate,C013_S14,2023-06-22,Counting,1,253.34,True,0,6,0.68,0.07,272.3,0.56,8,0.55,0.88,Hands-on,Advanced
C013,68,M,High,High,Moderate,C013_S15,2023-04-06,Puzzle,3,89.49,False,2,1,0.57,0.75,255.86,0.85,6,0.06,0.86,Hands-on,On-track
C013,68,M,High,High,Moderate,C013_S16,2023-06-08,Counting,1,45.18,True,1,1,0.44,0.62,291.85,0.86,8,-0.33,0.62,Mixed,On-track
C013,68,M,High,High,Moderate,C013_S17,2023-01-17,Reading,2,245.81,True,1,4,0.16,0.89,134.72,0.64,5,-0.9,0.7,Mixed,On-track
C013,68,M,High,High,Moderate,C013_S18,2023-04-15,Puzzle,3,34.77,False,1,1,0.49,0.07,58.66,0.92,4,0.15,0.3,Visual,Advanced
C013,68,M,High,High,Moderate,C013_S19,2023-03-19,Reading,2,126.67,True,1,2,0.19,0.39,196.51,0.93,6,0.99,0.89,Visual,On-track
C013,68,M,High,High,Moderate,C013_S20,2023-05-18,Drawing,2,260.87,True,1,3,0.35,0.32,279.65,0.53,7,0.03,0.28,Verbal,On-track
C014,46,F,High,High,High,C014_S01,2023-02-09,Reading,4,289.47,True,1,3,0.62,0.77,139.73,0.94,5,0.82,0.81,Hands-on,Advanced
C014,46,F,High,High,High,C014_S02,2023-06-07,Reading,3,97.28,True,1,2,0.39,0.47,69.95,0.99,2,0.54,0.54,Mixed,On-track
C014,46,F,High,High,High,C014_S03,2023-06-26,Counting,5,102.19,True,1,0,0.55,0.4,201.33,0.81,4,0.63,0.28,Visual,On-track
C014,46,F,High,High,High,C014_S04,2023-03-02,Counting,4,192.27,True,3,1,0.46,0.24,84.94,0.98,3,-0.52,0.7,Visual,At-risk
C014,46,F,High,High,High,C014_S05,2023-05-20,Counting,1,262.16,True,1,2,0.65,0.44,230.44,0.61,3,-0.29,0.52,Visual,On-track
C014,46,F,High,High,High,C014_S06,2023-02-01,Reading,3,261.02,True,1,2,0.35,0.59,99.23,0.97,5,0.71,0.57,Visual,On-track
C014,46,F,High,High,High,C014_S07,2023-06-13,Puzzle,2,178.8,True,2,3,0.88,0.48,48.56,0.77,5,0.94,0.61,Visual,On-track
C014,46,F,High,High,High,C014_S08,2023-02-02,Drawing,1,146.13,False,0,1,0.37,0.78,157.34,0.61,6,0.78,0.57,Visual,At-risk
C014,46,F,High,High,High,C014_S09,2023-02-23,Drawing,3,295.28,True,0,2,0.14,0.02,239.11,0.57,3,0.57,0.21,Mixed,On-track
C014,46,F,High,High,High,C014_S10,2023-02-07,Puzzle,1,174.85,True,1,5,0.94,0.05,177.77,0.95,8,-0.1,0.78,Verbal,Advanced
C014,46,F,High,High,High,C014_S11,2023-02-03,Counting,5,158.03,True,0,0,0.37,0.97,285.07,0.67,2,0.62,0.96,Mixed,On-track
C014,46,F,High,High,High,C014_S12,2023-01-07,Drawing,2,288.62,True,0,1,0.72,0.73,298.76,0.64,7,-0.55,0.64,Visual,At-risk
C014,46,F,High,High,High,C014_S13,2023-03-02,Counting,5,159.4,False,1,1,0.45,0.35,146.59,0.89,6,0.01,0.41,Visual,On-track
C014,46,F,High,High,High,C014_S14,2023-02-02,Reading,3,63.77,True,2,3,0.51,0.93,208.2,0.69,4,0.2,0.64,Hands-on,At-risk
C014,46,F,High,High,High,C014_S15,2023-05-02,Reading,4,210.14,False,0,2,0.34,0.12,92.19,0.55,3,0.9,0.77,Mixed,On-track
C014,46,F,High,High,High,C014_S16,2023-01-28,Reading,2,99.75,False,1,3,0.74,0.61,53.92,0.84,3,0.68,0.22,Hands-on,Advanced
C014,46,F,High,High,High,C014_S17,2023-01-12,Counting,2,131.04,True,2,0,0.54,0.22,98.58,0.94,5,0.02,0.31,Verbal,Advanced
C014,46,F,High,High,High,C014_S18,2023-01-16,Reading,4,262.76,True,1,2,0.49,0.09,231.58,0.51,6,-0.65,0.89,Mixed,On-track
C014,46,F,High,High,High,C014_S19,2023-01-28,Reading,3,245.37,True,1,3,0.65,0.92,72.22,0.88,7,0.04,0.24,Hands-on,On-track
C014,46,F,High,High,High,C014_S20,2023-01-21,Counting,3,140.29,True,1,1,0.5,0.55,110.45,0.73,5,-0.12,0.23,Hands-on,On-track
C015,43,F,High,High,High,C015_S01,2023-05-21,Counting,5,231.79,True,1,1,0.88,0.5,110.07,0.63,4,-0.02,0.62,Verbal,On-track
C015,43,F,High,High,High,C015_S02,2023-03-17,Reading,5,145.51,True,3,0,0.2,0.05,99.52,0.57,6,0.47,0.42,Hands-on,On-track
C015,43,F,High,High,High,C015_S03,2023-06-29,Puzzle,5,59.47,True,1,3,0.3,0.41,123.9,0.51,5,0.54,0.8,Mixed,At-risk
C015,43,F,High,High,High,C015_S04,2023-05-22,Drawing,4,21.58,True,2,0,0.48,0.47,280.71,0.82,4,-0.04,0.48,Verbal,Advanced
C015,43,F,High,High,High,C015_S05,2023-04-16,Counting,5,227.37,True,0,0,0.41,0.67,57.68,0.51,9,0.88,0.48,Mixed,On-track
C015,43,F,High,High,High,C015_S06,2023-01-25,Counting,1,169.67,True,0,3,0.86,0.44,122.45,0.77,4,-0.63,0.25,Verbal,At-risk
C015,43,F,High,High,High,C015_S07,2023-04-06,Drawing,1,253.7,True,0,3,0.64,0.27,37.18,0.87,6,-0.74,0.74,Hands-on,On-track
C015,43,F,High,High,High,C015_S08,2023-01-24,Puzzle,5,189.73,True,1,2,0.8,0.07,208.3,0.9,4,-0.14,0.23,Visual,On-track
C015,43,F,High,High,High,C015_S09,2023-04-06,Drawing,5,178.14,True,1,1,0.92,0.21,68.94,0.88,5,0.37,0.67,Hands-on,On-track
C015,43,F,High,High,High,C015_S10,2023-05-24,Counting,2,99.74,True,2,1,0.61,0.25,277.13,0.63,6,0.89,0.74,Hands-on,On-track
C015,43,F,High,High,High,C015_S11,2023-06-20,Reading,1,146.03,True,1,3,0.48,0.45,228.08,0.92,3,-0.75,0.49,Mixed,At-risk
C015,43,F,High,High,High,C015_S12,2023-03-15,Counting,2,206.37,True,1,0,0.51,0.89,183.76,0.92,9,0.56,0.93,Verbal,On-track
C015,43,F,High,High,High,C015_S13,2023-02-24,Drawing,4,192.88,True,1,3,0.89,0.74,98.27,0.53,6,-0.25,0.7,Hands-on,On-track
C015,43,F,High,High,High,C015_S14,2023-01-28,Counting,1,37.71,False,3,0,0.62,0.91,77.88,0.5,4,-0.83,0.82,Mixed,On-track
C015,43,F,High,High,High,C015_S15,2023-03-13,Drawing,5,49.37,False,1,1,0.34,0.82,132.15,0.54,7,-0.86,0.25,Mixed,Advanced
C015,43,F,High,High,High,C015_S16,2023-06-09,Puzzle,4,238.09,True,0,1,0.65,0.98,127.42,0.88,4,0.27,0.89,Hands-on,At-risk
C015,43,F,High,High,High,C015_S17,2023-06-27,Counting,3,123.19,False,2,2,0.13,0.64,104.83,0.72,5,0.43,0.73,Visual,On-track
C015,43,F,High,High,High,C015_S18,2023-03-21,Counting,3,231.08,True,0,0,0.63,0.46,169.86,0.5,7,-0.53,0.7,Verbal,On-track
C015,43,F,High,High,High,C015_S19,2023-02-06,Reading,5,177.68,True,1,1,0.73,0.06,276.17,0.85,5,-1.0,0.68,Visual,At-risk
C015,43,F,High,High,High,C015_S20,2023-01-08,Puzzle,1,152.79,True,1,4,0.59,0.13,131.47,0.55,5,0.85,0.77,Hands-on,On-track
C016,69,F,Medium,Medium,Low,C016_S01,2023-04-05,Counting,3,160.01,True,2,1,0.97,0.17,204.97,0.62,6,-0.5,0.99,Hands-on,At-risk
C016,69,F,Medium,Medium,Low,C016_S02,2023-05-26,Puzzle,3,164.66,False,3,2,0.19,0.7,110.85,0.63,6,-0.76,0.71,Mixed,On-track
C016,69,F,Medium,Medium,Low,C016_S03,2023-06-08,Puzzle,2,116.93,True,1,4,0.92,0.09,282.85,0.91,6,-0.7,0.63,Hands-on,On-track
C016,69,F,Medium,Medium,Low,C016_S04,2023-06-19,Reading,1,89.33,True,2,2,0.14,0.6,122.25,0.98,7,0.64,0.63,Verbal,On-track
C016,69,F,Medium,Medium,Low,C016_S05,2023-03-11,Drawing,5,262.99,True,0,2,0.66,0.25,247.0,0.91,6,-0.82,0.53,Mixed,On-track
C016,69,F,Medium,Medium,Low,C016_S06,2023-04-21,Puzzle,5,10.18,False,2,1,0.11,0.62,289.42,0.95,3,0.53,0.84,Verbal,At-risk
C016,69,F,Medium,Medium,Low,C016_S07,2023-05-05,Counting,2,261.31,True,0,1,0.73,0.76,58.57,0.75,10,0.66,0.52,Visual,On-track
C016,69,F,Medium,Medium,Low,C016_S08,2023-06-03,Puzzle,1,281.02,True,3,3,0.8,0.17,150.78,0.61,4,0.34,0.46,Visual,On-track
C016,69,F,Medium,Medium,Low,C016_S09,2023-02-24,Drawing,1,63.49,True,0,1,0.7,0.24,162.11,0.64,9,-0.62,0.43,Mixed,On-track
C016,69,F,Medium,Medium,Low,C016_S10,2023-01-31,Puzzle,1,160.57,True,0,0,0.62,0.73,116.81,0.52,4,0.46,0.62,Verbal,On-track
C016,69,F,Medium,Medium,Low,C016_S11,2023-02-03,Reading,5,41.92,True,3,0,0.63,0.67,84.19,0.94,5,0.7,0.63,Hands-on,On-track
C016,69,F,Medium,Medium,Low,C016_S12,2023-05-24,Counting,4,114.88,True,2,4,0.59,0.05,46.99,0.59,3,0.67,0.32,Visual,Advanced
C016,69,F,Medium,Medium,Low,C016_S13,2023-01-11,Reading,4,14.6,True,1,1,0.61,0.65,111.71,0.73,4,0.76,0.66,Visual,Advanced
C016,69,F,Medium,Medium,Low,C016_S14,2023-03-22,Reading,2,102.46,True,0,0,0.97,0.02,246.73,0.89,2,0.39,0.71,Hands-on,At-risk
C016,69,F,Medium,Medium,Low,C016_S15,2023-04-17,Counting,2,299.96,True,1,1,0.96,0.61,30.34,0.95,9,-0.51,0.95,Visual,On-track
C016,69,F,Medium,Medium,Low,C016_S16,2023-03-25,Drawing,1,242.92,True,0,1,0.82,0.71,81.4,0.68,4,-0.22,0.66,Mixed,At-risk
C016,69,F,Medium,Medium,Low,C016_S17,2023-06-26,Counting,4,11.15,True,2,2,0.7,0.22,89.69,0.86,3,-0.98,0.27,Visual,Advanced
C016,69,F,Medium,Medium,Low,C016_S18,2023-03-04,Reading,1,144.5,True,0,0,0.46,0.55,197.29,0.83,4,0.95,0.87,Hands-on,On-track
C016,69,F,Medium,Medium,Low,C016_S19,2023-04-12,Counting,2,24.75,False,0,7,0.66,0.61,259.36,0.77,4,-0.72,0.28,Hands-on,On-track
C016,69,F,Medium,Medium,Low,C016_S20,2023-02-13,Puzzle,1,34.69,True,4,3,0.12,0.7,35.86,0.82,3,-0.27,0.68,Hands-on,On-track
C017,52,M,Medium,Medium,High,C017_S01,2023-06-15,Drawing,1,162.03,True,0,3,0.68,0.03,196.89,0.75,3,0.9,0.53,Visual,On-track
C017,52,M,Medium,Medium,High,C017_S02,2023-02-20,Drawing,4,262.73,True,2,1,0.21,0.41,235.86,0.95,8,-0.46,1.0,Hands-on,At-risk
C017,52,M,Medium,Medium,High,C017_S03,2023-06-17,Puzzle,4,12.93,True,1,3,0.29,0.85,274.63,0.77,5,0.83,0.69,Visual,At-risk
C017,52,M,Medium,Medium,High,C017_S04,2023-05-07,Reading,3,162.47,True,2,0,0.26,0.69,204.31,0.95,9,-0.11,0.65,Mixed,At-risk
C017,52,M,Medium,Medium,High,C017_S05,2023-04-25,Counting,3,105.56,True,3,1,0.9,0.33,114.94,0.76,4,-0.6,0.54,Mixed,At-risk
C017,52,M,Medium,Medium,High,C017_S06,2023-02-08,Reading,4,234.73,True,1,1,0.4,0.59,57.78,0.87,5,-0.02,0.26,Visual,On-track
C017,52,M,Medium,Medium,High,C017_S07,2023-03-19,Counting,3,203.1,True,4,1,0.23,1.0,198.04,0.72,3,-0.93,0.6,Hands-on,On-track
C017,52,M,Medium,Medium,High,C017_S08,2023-01-19,Counting,1,219.16,True,5,3,0.95,0.73,89.31,0.72,10,0.94,0.29,Verbal,On-track
C017,52,M,Medium,Medium,High,C017_S09,2023-04-05,Counting,2,152.8,False,0,1,0.74,0.24,134.94,0.72,8,0.32,0.43,Visual,Advanced
C017,52,M,Medium,Medium,High,C017_S10,2023-01-24,Reading,4,275.39,False,1,4,0.86,0.73,294.81,0.58,4,1.0,0.22,Verbal,On-track
C017,52,M,Medium,Medium,High,C017_S11,2023-01-11,Reading,3,33.21,True,1,0,0.39,0.22,279.83,0.93,6,0.04,0.98,Mixed,On-track
C017,52,M,Medium,Medium,High,C017_S12,2023-02-18,Counting,1,172.15,True,0,2,0.63,0.01,235.47,0.86,4,-0.35,0.35,Hands-on,On-track
C017,52,M,Medium,Medium,High,C017_S13,2023-01-16,Reading,5,65.08,False,0,3,0.51,0.17,201.94,0.99,5,0.83,0.9,Visual,Advanced
C017,52,M,Medium,Medium,High,C017_S14,2023-03-29,Puzzle,2,204.05,True,1,2,0.37,0.38,260.69,0.87,4,0.07,0.68,Hands-on,On-track
C017,52,M,Medium,Medium,High,C017_S15,2023-03-05,Reading,4,71.56,True,1,3,0.18,0.61,45.42,0.84,5,0.05,0.72,Mixed,On-track
C017,52,M,Medium,Medium,High,C017_S16,2023-06-06,Drawing,3,166.84,False,0,4,0.22,0.67,171.66,0.82,5,0.59,0.6,Verbal,Advanced
C017,52,M,Medium,Medium,High,C017_S17,2023-04-10,Reading,3,36.24,True,0,2,0.49,0.2,148.27,0.7,4,0.46,0.65,Mixed,At-risk
C017,52,M,Medium,Medium,High,C017_S18,2023-01-14,Counting,1,244.42,True,1,0,0.94,0.39,244.03,0.64,6,0.75,0.23,Visual,On-track
C017,52,M,Medium,Medium,High,C017_S19,2023-06-23,Reading,1,77.62,False,0,1,0.44,0.35,176.74,0.54,9,0.14,0.8,Verbal,At-risk
C017,52,M,Medium,Medium,High,C017_S20,2023-06-18,Drawing,4,75.89,True,2,1,0.41,0.5,148.44,0.61,1,-0.69,0.76,Verbal,On-track
C018,42,M,Medium,Medium,High,C018_S01,2023-06-28,Reading,5,181.48,False,2,2,0.59,0.86,158.01,0.5,1,-0.69,0.73,Visual,At-risk
C018,42,M,Medium,Medium,High,C018_S02,2023-01-22,Counting,5,283.69,True,0,2,0.61,0.86,158.82,1.0,4,0.12,0.44,Hands-on,At-risk
C018,42,M,Medium,Medium,High,C018_S03,2023-03-26,Drawing,4,140.38,False,2,1,0.25,0.29,244.07,0.95,5,0.27,0.33,Hands-on,Advanced
C018,42,M,Medium,Medium,High,C018_S04,2023-06-25,Puzzle,3,93.3,True,2,2,0.38,0.73,266.18,0.97,7,-0.43,0.97,Hands-on,On-track
C018,42,M,Medium,Medium,High,C018_S05,2023-04-03,Puzzle,5,38.43,True,0,0,0.3,0.46,146.98,0.9,5,-0.97,0.84,Verbal,On-track
C018,42,M,Medium,Medium,High,C018_S06,2023-02-24,Counting,1,157.52,True,2,5,0.15,0.52,63.6,0.98,6,-0.79,0.74,Mixed,On-track
C018,42,M,Medium,Medium,High,C018_S07,2023-02-27,Drawing,3,290.73,False,0,0,0.18,0.91,82.28,0.71,3,0.86,0.93,Visual,On-track
C018,42,M,Medium,Medium,High,C018_S08,2023-01-26,Puzzle,5,184.71,True,3,1,0.89,0.81,93.16,0.6,4,-0.14,0.79,Hands-on,Advanced
C018,42,M,Medium,Medium,High,C018_S09,2023-06-08,Drawing,2,258.22,True,0,2,0.79,0.21,116.86,0.73,5,-0.08,0.92,Hands-on,On-track
C018,42,M,Medium,Medium,High,C018_S10,2023-02-16,Drawing,2,252.12,True,1,0,0.82,0.53,160.03,0.84,9,-0.88,0.94,Hands-on,On-track
C018,42,M,Medium,Medium,High,C018_S11,2023-04-04,Drawing,5,94.64,True,1,3,0.29,0.57,196.2,0.52,5,-0.15,0.3,Mixed,At-risk
C018,42,M,Medium,Medium,High,C018_S12,2023-04-25,Drawing,3,139.25,True,1,3,0.1,0.07,108.4,0.94,6,-0.06,0.91,Hands-on,On-track
C018,42,M,Medium,Medium,High,C018_S13,2023-05-01,Drawing,3,206.42,True,2,3,0.86,0.36,208.33,0.74,3,0.09,0.55,Verbal,Advanced
C018,42,M,Medium,Medium,High,C018_S14,2023-04-23,Reading,1,112.54,True,1,2,0.53,0.88,40.88,0.9,7,-0.09,0.76,Mixed,At-risk
C018,42,M,Medium,Medium,High,C018_S15,2023-05-09,Reading,1,21.25,True,2,2,0.32,0.21,97.63,0.9,4,-0.84,0.49,Mixed,Advanced
C018,42,M,Medium,Medium,High,C018_S16,2023-06-04,Drawing,4,76.17,True,0,3,0.76,0.62,30.79,0.5,8,-0.47,0.67,Mixed,On-track
C018,42,M,Medium,Medium,High,C018_S17,2023-05-04,Counting,3,197.35,True,1,1,0.28,0.49,267.13,0.76,5,0.8,0.93,Hands-on,On-track
C018,42,M,Medium,Medium,High,C018_S18,2023-05-13,Puzzle,2,92.29,True,1,1,0.32,0.92,170.87,0.51,2,0.61,0.25,Verbal,At-risk
C018,42,M,Medium,Medium,High,C018_S19,2023-03-11,Reading,1,171.45,True,0,3,0.12,0.65,197.02,0.65,3,-0.75,0.49,Mixed,On-track
C018,42,M,Medium,Medium,High,C018_S20,2023-04-22,Puzzle,5,252.32,True,0,1,0.28,0.96,195.62,0.63,1,-0.51,0.91,Mixed,On-track
C019,63,F,Medium,Low,Moderate,C019_S01,2023-01-14,Reading,5,276.3,True,0,3,0.72,0.57,275.02,0.56,4,-0.44,0.46,Hands-on,On-track
C019,63,F,Medium,Low,Moderate,C019_S02,2023-01-21,Counting,3,228.18,False,1,1,0.93,0.2,295.71,0.87,4,0.25,0.7,Visual,On-track
C019,63,F,Medium,Low,Moderate,C019_S03,2023-01-26,Counting,5,32.37,True,1,2,0.56,0.32,227.35,0.64,5,0.25,0.31,Mixed,On-track
C019,63,F,Medium,Low,Moderate,C019_S04,2023-03-15,Reading,4,90.02,False,1,2,0.97,0.65,153.15,0.7,4,-0.04,0.58,Hands-on,On-track
C019,63,F,Medium,Low,Moderate,C019_S05,2023-06-30,Reading,2,120.18,True,1,2,0.83,0.54,65.39,0.88,5,0.87,0.35,Verbal,On-track
C019,63,F,Medium,Low,Moderate,C019_S06,2023-01-21,Puzzle,3,121.12,True,1,2,0.65,0.57,222.97,0.97,7,-0.78,0.96,Verbal,Advanced
C019,63,F,Medium,Low,Moderate,C019_S07,2023-05-21,Reading,2,172.86,True,1,2,0.73,0.16,233.49,0.98,4,-0.89,0.58,Visual,On-track
C019,63,F,Medium,Low,Moderate,C019_S08,2023-03-19,Puzzle,2,59.05,True,1,3,0.98,0.98,279.74,0.89,5,-0.9,0.56,Visual,On-track
C019,63,F,Medium,Low,Moderate,C019_S09,2023-06-09,Reading,2,103.01,False,1,2,0.19,0.76,193.62,0.79,2,-0.58,0.6,Visual,Advanced
C019,63,F,Medium,Low,Moderate,C019_S10,2023-05-08,Puzzle,1,279.03,False,1,2,0.68,0.59,271.86,0.83,7,-0.49,0.77,Hands-on,On-track
C019,63,F,Medium,Low,Moderate,C019_S11,2023-02-06,Counting,2,238.89,True,2,1,0.99,0.04,206.82,0.72,5,-0.61,0.37,Verbal,At-risk
C019,63,F,Medium,Low,Moderate,C019_S12,2023-03-03,Reading,2,78.54,True,1,1,0.17,0.99,241.57,0.96,5,-0.15,0.3,Visual,At-risk
C019,63,F,Medium,Low,Moderate,C019_S13,2023-05-15,Counting,3,141.94,True,2,0,0.55,0.54,75.48,0.88,9,-0.01,0.66,Visual,On-track
C019,63,F,Medium,Low,Moderate,C019_S14,2023-05-10,Puzzle,5,40.65,True,1,1,0.34,0.16,127.95,0.63,9,-0.3,0.78,Verbal,On-track
C019,63,F,Medium,Low,Moderate,C019_S15,2023-06-12,Reading,5,63.12,True,2,0,0.12,0.69,111.38,0.81,5,-0.33,0.26,Mixed,On-track
C019,63,F,Medium,Low,Moderate,C019_S16,2023-01-05,Counting,2,135.8,True,1,3,0.2,0.62,149.84,0.59,5,0.78,0.76,Mixed,On-track
C019,63,F,Medium,Low,Moderate,C019_S17,2023-06-18,Puzzle,1,143.43,True,0,0,0.91,0.21,91.43,0.64,2,-0.73,0.72,Mixed,At-risk
C019,63,F,Medium,Low,Moderate,C019_S18,2023-03-27,Drawing,3,254.29,True,0,3,0.71,0.5,55.38,0.65,6,0.8,0.65,Visual,On-track
C019,63,F,Medium,Low,Moderate,C019_S19,2023-06-14,Drawing,1,251.98,False,1,1,0.12,0.58,218.69,0.93,2,-0.81,0.24,Mixed,At-risk
C019,63,F,Medium,Low,Moderate,C019_S20,2023-06-28,Reading,1,137.44,True,1,4,0.46,0.34,183.76,0.93,1,0.7,0.37,Hands-on,Advanced
C020,43,M,High,Medium,Low,C020_S01,2023-03-17,Drawing,4,156.84,False,0,2,0.33,0.88,181.6,0.59,7,0.57,0.46,Visual,On-track
C020,43,M,High,Medium,Low,C020_S02,2023-01-11,Counting,2,156.68,True,1,3,0.33,0.08,62.2,0.61,7,-0.88,0.67,Mixed,On-track
C020,43,M,High,Medium,Low,C020_S03,2023-05-20,Reading,2,227.04,False,1,2,0.62,0.5,261.01,0.77,6,0.26,0.48,Verbal,At-risk
C020,43,M,High,Medium,Low,C020_S04,2023-02-18,Counting,5,269.29,False,0,1,0.43,0.54,69.99,0.87,1,0.16,0.77,Verbal,At-risk
C020,43,M,High,Medium,Low,C020_S05,2023-06-17,Counting,3,214.59,True,1,0,0.58,0.68,142.71,0.87,3,0.45,0.92,Verbal,At-risk
C020,43,M,High,Medium,Low,C020_S06,2023-04-22,Reading,2,267.21,False,1,2,0.81,0.31,276.9,0.92,9,0.28,0.24,Hands-on,Advanced
C020,43,M,High,Medium,Low,C020_S07,2023-04-09,Counting,5,291.65,True,2,4,0.91,0.75,161.92,0.8,4,0.25,0.25,Mixed,On-track
C020,43,M,High,Medium,Low,C020_S08,2023-05-08,Counting,2,140.51,True,1,1,0.56,0.2,116.29,0.8,2,0.62,0.8,Mixed,On-track
C020,43,M,High,Medium,Low,C020_S09,2023-01-22,Reading,1,65.06,True,1,4,0.7,0.03,226.15,0.92,8,-0.42,0.41,Visual,At-risk
C020,43,M,High,Medium,Low,C020_S10,2023-02-16,Counting,3,60.01,True,2,1,0.66,0.72,183.77,0.87,4,0.69,0.92,Verbal,On-track
C020,43,M,High,Medium,Low,C020_S11,2023-06-19,Counting,1,90.4,False,2,0,0.13,0.55,235.75,0.77,3,-0.11,0.26,Verbal,At-risk
C020,43,M,High,Medium,Low,C020_S12,2023-04-20,Drawing,5,51.93,True,0,1,0.47,0.18,59.6,0.78,5,-0.64,0.97,Hands-on,On-track
C020,43,M,High,Medium,Low,C020_S13,2023-01-11,Counting,1,244.94,True,2,1,0.64,0.16,228.71,0.65,6,0.38,0.3,Hands-on,On-track
C020,43,M,High,Medium,Low,C020_S14,2023-06-13,Puzzle,4,160.63,True,3,0,0.17,0.58,282.78,0.93,10,0.5,0.7,Visual,At-risk
C020,43,M,High,Medium,Low,C020_S15,2023-04-04,Drawing,3,136.83,False,1,2,0.46,0.85,165.08,0.84,6,0.71,0.74,Mixed,On-track
C020,43,M,High,Medium,Low,C020_S16,2023-06-05,Reading,1,20.97,True,1,0,0.2,0.72,260.73,0.63,1,-0.89,0.28,Visual,On-track
C020,43,M,High,Medium,Low,C020_S17,2023-06-15,Counting,1,143.26,True,1,1,0.67,0.95,176.07,0.86,6,-0.75,0.85,Verbal,Advanced
C020,43,M,High,Medium,Low,C020_S18,2023-01-09,Drawing,5,55.9,True,2,3,0.52,0.82,195.93,0.92,2,-0.39,0.76,Hands-on,Advanced
C020,43,M,High,Medium,Low,C020_S19,2023-04-06,Reading,4,95.77,True,1,1,0.28,0.06,83.5,0.5,5,-0.98,0.87,Mixed,On-track
C020,43,M,High,Medium,Low,C020_S20,2023-05-16,Counting,3,227.26,True,2,1,0.45,0.42,231.6,0.55,9,-0.85,0.77,Verbal,At-risk
C021,70,M,Low,Low,High,C021_S01,2023-02-17,Reading,4,269.99,False,1,1,0.8,0.76,159.23,0.52,3,0.61,0.74,Hands-on,Advanced
C021,70,M,Low,Low,High,C021_S02,2023-01-31,Counting,3,165.87,True,0,2,0.2,0.41,204.92,0.86,3,0.71,0.89,Mixed,At-risk
C021,70,M,Low,Low,High,C021_S03,2023-02-24,Counting,1,37.54,True,0,1,0.5,0.11,124.87,1.0,4,-0.71,0.92,Hands-on,Advanced
C021,70,M,Low,Low,High,C021_S04,2023-02-21,Puzzle,5,191.23,True,1,1,0.64,0.06,271.32,0.76,3,0.76,0.45,Visual,On-track
C021,70,M,Low,Low,High,C021_S05,2023-02-14,Reading,4,294.75,False,0,0,0.72,0.6,282.67,0.62,2,-0.93,0.93,Mixed,Advanced
C021,70,M,Low,Low,High,C021_S06,2023-03-23,Counting,1,277.3,True,2,2,0.49,0.78,241.67,0.73,6,-0.45,0.37,Hands-on,On-track
C021,70,M,Low,Low,High,C021_S07,2023-03-16,Counting,4,94.79,True,1,2,0.46,0.06,251.69,0.55,5,-0.2,0.44,Mixed,At-risk
C021,70,M,Low,Low,High,C021_S08,2023-06-29,Drawing,2,219.65,True,0,2,0.77,0.21,32.88,0.89,6,0.55,0.42,Mixed,On-track
C021,70,M,Low,Low,High,C021_S09,2023-02-01,Drawing,2,164.71,True,3,3,0.74,0.44,60.46,0.85,6,0.72,0.3,Mixed,On-track
C021,70,M,Low,Low,High,C021_S10,2023-05-07,Puzzle,4,285.11,True,1,2,0.61,0.44,142.01,0.87,7,-0.72,0.37,Verbal,On-track
C021,70,M,Low,Low,High,C021_S11,2023-04-30,Drawing,4,268.96,True,1,2,0.44,0.23,181.47,0.57,5,0.61,0.81,Hands-on,On-track
C021,70,M,Low,Low,High,C021_S12,2023-03-21,Reading,1,23.75,False,1,4,0.98,0.66,140.22,0.64,4,0.26,0.29,Mixed,At-risk
C021,70,M,Low,Low,High,C021_S13,2023-05-15,Reading,1,18.36,True,0,2,0.57,0.57,181.51,0.74,5,0.75,0.53,Mixed,Advanced
C021,70,M,Low,Low,High,C021_S14,2023-01-19,Drawing,5,197.01,True,1,2,0.33,0.53,252.43,0.55,8,-0.16,0.58,Mixed,At-risk
C021,70,M,Low,Low,High,C021_S15,2023-04-26,Reading,3,41.37,False,2,4,0.22,0.06,264.44,0.65,0,-0.55,0.47,Hands-on,On-track
C021,70,M,Low,Low,High,C021_S16,2023-05-22,Drawing,4,53.29,True,2,2,0.29,0.38,115.5,0.84,3,-0.19,0.95,Mixed,On-track
C021,70,M,Low,Low,High,C021_S17,2023-05-09,Puzzle,5,127.81,True,2,7,0.72,0.98,226.18,0.96,4,0.16,0.98,Mixed,On-track
C021,70,M,Low,Low,High,C021_S18,2023-03-19,Drawing,3,162.29,True,1,1,0.59,0.7,244.03,0.81,3,-0.18,0.47,Visual,Advanced
C021,70,M,Low,Low,High,C021_S19,2023-02-27,Counting,5,114.38,True,0,4,0.32,1.0,57.91,0.59,3,-0.05,0.92,Mixed,On-track
C021,70,M,Low,Low,High,C021_S20,2023-03-14,Puzzle,4,102.77,True,1,1,0.83,0.49,66.12,0.94,2,-0.72,0.69,Verbal,At-risk
C022,69,F,Low,High,Moderate,C022_S01,2023-06-07,Puzzle,5,75.47,True,3,4,0.81,0.09,170.64,0.92,4,-0.04,0.61,Hands-on,On-track
C022,69,F,Low,High,Moderate,C022_S02,2023-05-29,Drawing,5,21.7,True,0,2,0.53,0.27,37.88,0.8,6,0.39,0.36,Visual,At-risk
C022,69,F,Low,High,Moderate,C022_S03,2023-06-04,Counting,5,28.85,False,0,5,0.49,0.79,154.86,0.97,7,0.51,0.85,Mixed,On-track
C022,69,F,Low,High,Moderate,C022_S04,2023-01-08,Puzzle,4,262.88,True,2,3,0.9,0.47,172.51,1.0,2,0.25,0.76,Visual,At-risk
C022,69,F,Low,High,Moderate,C022_S05,2023-05-28,Counting,4,139.73,True,1,1,0.46,0.74,186.8,0.69,4,-0.66,0.73,Hands-on,At-risk
C022,69,F,Low,High,Moderate,C022_S06,2023-04-17,Puzzle,4,250.6,True,2,5,0.16,0.58,126.61,0.64,9,-1.0,0.62,Verbal,At-risk
C022,69,F,Low,High,Moderate,C022_S07,2023-03-16,Counting,4,294.39,True,1,0,0.8,0.57,235.39,0.57,3,-0.74,0.45,Verbal,Advanced
C022,69,F,Low,High,Moderate,C022_S08,2023-06-25,Reading,3,212.41,True,1,1,0.34,0.5,143.38,0.6,5,0.09,0.41,Verbal,On-track
C022,69,F,Low,High,Moderate,C022_S09,2023-01-16,Drawing,4,209.84,True,1,2,0.73,0.44,285.15,0.57,9,-0.13,0.62,Verbal,On-track
C022,69,F,Low,High,Moderate,C022_S10,2023-02-22,Counting,3,14.43,True,0,1,0.89,0.7,53.0,0.83,2,-0.5,0.94,Hands-on,On-track
C022,69,F,Low,High,Moderate,C022_S11,2023-03-23,Counting,4,218.97,True,0,1,0.26,0.81,66.46,0.73,6,-0.15,0.45,Mixed,On-track
C022,69,F,Low,High,Moderate,C022_S12,2023-04-05,Puzzle,2,202.88,True,1,4,0.87,0.05,70.1,0.71,4,0.59,0.73,Verbal,On-track
C022,69,F,Low,High,Moderate,C022_S13,2023-03-10,Reading,2,151.4,True,1,2,0.45,0.41,185.78,0.58,6,0.72,0.68,Visual,On-track
C022,69,F,Low,High,Moderate,C022_S14,2023-03-16,Reading,4,158.95,False,1,0,0.92,0.09,205.02,0.71,6,0.79,0.72,Mixed,On-track
C022,69,F,Low,High,Moderate,C022_S15,2023-02-10,Counting,4,150.73,True,3,2,0.34,0.86,48.86,0.84,2,-0.46,0.81,Mixed,At-risk
C022,69,F,Low,High,Moderate,C022_S16,2023-02-18,Drawing,1,40.72,True,1,3,0.23,0.74,192.37,0.83,2,-0.27,0.52,Verbal,On-track
C022,69,F,Low,High,Moderate,C022_S17,2023-05-08,Counting,2,154.16,True,2,1,0.54,0.15,129.8,0.66,8,0.69,0.67,Verbal,On-track
C022,69,F,Low,High,Moderate,C022_S18,2023-04-11,Reading,3,256.04,True,1,3,0.3,0.03,140.5,0.64,8,0.07,0.56,Mixed,On-track
C022,69,F,Low,High,Moderate,C022_S19,2023-04-01,Puzzle,5,278.89,True,1,3,0.5,0.48,272.19,0.7,3,0.8,0.94,Visual,On-track
C022,69,F,Low,High,Moderate,C022_S20,2023-06-17,Reading,2,13.79,True,1,0,0.3,0.51,177.39,0.52,4,0.81,1.0,Verbal,On-track
C023,46,M,Medium,Low,Moderate,C023_S01,2023-04-04,Reading,1,107.71,True,0,0,0.3,0.19,145.57,0.83,1,0.04,0.68,Verbal,On-track
C023,46,M,Medium,Low,Moderate,C023_S02,2023-05-26,Drawing,3,28.32,False,1,3,0.77,0.91,263.16,0.84,7,-0.94,0.41,Verbal,On-track
C023,46,M,Medium,Low,Moderate,C023_S03,2023-04-09,Reading,1,248.86,True,4,2,0.48,0.15,247.73,0.76,5,-0.42,0.33,Mixed,On-track
C023,46,M,Medium,Low,Moderate,C023_S04,2023-06-09,Puzzle,2,222.88,True,2,3,0.8,0.83,127.54,0.61,6,-0.5,0.67,Visual,On-track
C023,46,M,Medium,Low,Moderate,C023_S05,2023-04-06,Counting,5,239.67,True,1,1,0.6,0.41,285.89,0.56,6,0.32,0.65,Hands-on,On-track
C023,46,M,Medium,Low,Moderate,C023_S06,2023-02-06,Drawing,5,43.94,True,0,3,0.42,0.32,36.25,0.75,5,0.1,0.8,Hands-on,On-track
C023,46,M,Medium,Low,Moderate,C023_S07,2023-01-11,Puzzle,4,130.31,True,0,0,0.28,0.4,258.35,0.67,6,0.99,0.3,Visual,At-risk
C023,46,M,Medium,Low,Moderate,C023_S08,2023-05-02,Reading,2,130.84,True,2,0,0.69,0.01,240.59,0.83,5,0.12,0.21,Visual,Advanced
C023,46,M,Medium,Low,Moderate,C023_S09,2023-02-05,Counting,2,15.52,True,2,0,0.93,0.47,37.83,0.84,3,0.15,0.7,Mixed,On-track
C023,46,M,Medium,Low,Moderate,C023_S10,2023-04-11,Counting,3,246.96,False,1,3,0.42,0.92,66.17,0.84,0,0.85,0.29,Hands-on,On-track
C023,46,M,Medium,Low,Moderate,C023_S11,2023-05-11,Reading,3,240.1,False,0,5,0.11,0.06,145.79,0.7,4,0.2,0.6,Hands-on,On-track
C023,46,M,Medium,Low,Moderate,C023_S12,2023-01-05,Counting,1,31.78,False,0,5,0.67,0.55,296.33,0.87,4,0.03,0.86,Verbal,On-track
C023,46,M,Medium,Low,Moderate,C023_S13,2023-04-17,Counting,1,223.15,True,3,1,0.63,0.85,126.36,0.55,4,0.59,0.25,Mixed,At-risk
C023,46,M,Medium,Low,Moderate,C023_S14,2023-06-26,Puzzle,1,100.88,True,1,5,0.62,0.27,252.51,0.5,7,0.04,0.56,Hands-on,On-track
C023,46,M,Medium,Low,Moderate,C023_S15,2023-06-17,Drawing,2,286.69,True,2,3,0.45,0.27,75.42,0.85,8,0.4,0.87,Hands-on,On-track
C023,46,M,Medium,Low,Moderate,C023_S16,2023-02-13,Reading,2,158.65,True,2,1,0.96,0.79,130.96,0.78,1,-0.5,0.75,Visual,At-risk
C023,46,M,Medium,Low,Moderate,C023_S17,2023-01-09,Puzzle,2,172.16,True,1,0,0.78,0.93,153.74,0.83,6,0.59,0.29,Visual,On-track
C023,46,M,Medium,Low,Moderate,C023_S18,2023-04-18,Drawing,4,98.62,True,1,0,1.0,0.43,124.02,0.86,6,-0.58,0.32,Verbal,On-track
C023,46,M,Medium,Low,Moderate,C023_S19,2023-05-09,Reading,5,293.06,True,1,3,0.84,0.55,41.01,0.66,5,0.84,0.88,Mixed,At-risk
C023,46,M,Medium,Low,Moderate,C023_S20,2023-01-16,Drawing,4,223.73,True,1,3,0.56,0.11,208.23,0.92,6,0.5,0.55,Hands-on,On-track
C024,40,F,High,Medium,Moderate,C024_S01,2023-02-14,Reading,1,125.72,False,0,2,0.54,0.7,168.57,0.94,4,0.58,0.46,Mixed,On-track
C024,40,F,High,Medium,Moderate,C024_S02,2023-04-01,Counting,2,64.63,True,2,1,0.73,0.8,94.5,0.52,6,-0.14,0.9,Hands-on,On-track
C024,40,F,High,Medium,Moderate,C024_S03,2023-03-05,Counting,1,268.97,True,3,3,0.63,0.8,158.27,0.9,4,-0.66,0.71,Hands-on,On-track
C024,40,F,High,Medium,Moderate,C024_S04,2023-03-18,Counting,1,28.26,False,1,3,0.69,0.21,115.93,0.62,4,-0.01,0.42,Hands-on,At-risk
C024,40,F,High,Medium,Moderate,C024_S05,2023-05-06,Counting,3,59.94,True,0,2,0.17,0.27,83.97,0.62,2,-0.14,0.53,Verbal,On-track
C024,40,F,High,Medium,Moderate,C024_S06,2023-03-12,Counting,2,206.08,True,2,3,0.94,0.81,256.05,0.55,9,0.0,0.75,Visual,At-risk
C024,40,F,High,Medium,Moderate,C024_S07,2023-04-08,Reading,3,118.86,True,2,2,0.51,0.25,243.27,0.82,6,-0.1,0.4,Mixed,Advanced
C024,40,F,High,Medium,Moderate,C024_S08,2023-02-07,Counting,1,148.02,True,2,1,0.19,0.5,216.29,0.67,8,-0.92,0.71,Visual,Advanced
C024,40,F,High,Medium,Moderate,C024_S09,2023-01-21,Counting,4,72.73,False,1,2,0.8,0.43,119.31,0.59,8,-0.85,0.85,Mixed,At-risk
C024,40,F,High,Medium,Moderate,C024_S10,2023-05-03,Drawing,4,94.18,True,0,0,0.48,0.94,224.81,0.54,8,0.13,0.96,Visual,On-track
C024,40,F,High,Medium,Moderate,C024_S11,2023-05-24,Counting,1,192.68,True,1,0,0.81,0.26,121.98,0.53,5,-0.3,0.77,Visual,At-risk
C024,40,F,High,Medium,Moderate,C024_S12,2023-05-31,Drawing,1,116.68,True,0,4,0.9,0.62,145.76,0.59,9,-0.58,0.71,Visual,At-risk
C024,40,F,High,Medium,Moderate,C024_S13,2023-05-16,Drawing,5,181.17,True,0,3,0.33,0.6,267.56,0.66,5,0.41,0.61,Hands-on,On-track
C024,40,F,High,Medium,Moderate,C024_S14,2023-04-16,Counting,3,57.17,False,1,2,0.36,0.51,173.46,0.9,4,0.75,0.26,Hands-on,On-track
C024,40,F,High,Medium,Moderate,C024_S15,2023-02-05,Puzzle,2,173.6,True,1,0,0.26,0.99,223.07,0.81,5,0.16,0.78,Mixed,Advanced
C024,40,F,High,Medium,Moderate,C024_S16,2023-02-10,Reading,1,220.82,True,0,0,0.51,0.49,36.09,0.84,4,-0.54,0.63,Hands-on,Advanced
C024,40,F,High,Medium,Moderate,C024_S17,2023-05-02,Reading,5,183.02,True,1,0,0.37,0.9,203.18,0.89,2,-0.57,0.69,Hands-on,At-risk
C024,40,F,High,Medium,Moderate,C024_S18,2023-03-15,Counting,1,295.42,True,2,0,0.35,0.92,125.65,0.83,5,-0.09,0.51,Verbal,On-track
C024,40,F,High,Medium,Moderate,C024_S19,2023-01-23,Drawing,4,14.14,True,1,1,0.9,0.28,148.25,0.68,5,0.32,0.56,Hands-on,At-risk
C024,40,F,High,Medium,Moderate,C024_S20,2023-01-10,Drawing,4,151.23,False,4,3,0.93,0.82,294.29,0.94,2,-0.42,0.69,Verbal,Advanced
C025,48,M,Medium,Medium,Low,C025_S01,2023-03-16,Puzzle,3,40.85,True,0,3,0.74,0.17,254.64,0.79,3,0.23,0.28,Visual,On-track
C025,48,M,Medium,Medium,Low,C025_S02,2023-01-28,Counting,4,168.18,False,0,0,0.14,0.59,46.64,0.98,4,0.28,0.42,Verbal,Advanced
C025,48,M,Medium,Medium,Low,C025_S03,2023-05-20,Reading,4,103.48,True,2,2,0.99,0.95,51.13,0.97,6,0.19,0.35,Mixed,On-track
C025,48,M,Medium,Medium,Low,C025_S04,2023-05-10,Reading,4,146.03,True,0,1,0.52,0.95,61.23,0.97,7,0.67,0.26,Verbal,Advanced
C025,48,M,Medium,Medium,Low,C025_S05,2023-03-26,Drawing,4,164.87,True,0,4,0.19,0.06,43.86,0.69,4,-0.45,0.64,Hands-on,At-risk
C025,48,M,Medium,Medium,Low,C025_S06,2023-02-17,Puzzle,1,14.12,True,1,3,0.5,0.22,226.25,0.85,3,-0.63,0.93,Hands-on,At-risk
C025,48,M,Medium,Medium,Low,C025_S07,2023-05-26,Drawing,4,234.02,True,0,4,0.76,0.7,96.49,0.95,7,-0.86,0.51,Visual,Advanced
C025,48,M,Medium,Medium,Low,C025_S08,2023-04-14,Reading,5,122.25,True,1,4,0.37,0.91,104.4,0.9,6,0.02,0.33,Hands-on,On-track
C025,48,M,Medium,Medium,Low,C025_S09,2023-06-21,Puzzle,3,163.92,True,0,1,0.32,0.22,170.25,0.78,6,-0.92,0.44,Visual,On-track
C025,48,M,Medium,Medium,Low,C025_S10,2023-03-24,Drawing,2,23.78,True,2,2,0.46,0.58,285.97,0.53,3,-0.37,0.86,Visual,On-track
C025,48,M,Medium,Medium,Low,C025_S11,2023-04-25,Counting,5,289.08,True,1,0,0.35,0.11,208.15,0.66,5,-0.59,0.36,Mixed,On-track
C025,48,M,Medium,Medium,Low,C025_S12,2023-05-27,Puzzle,4,217.53,False,0,1,0.51,0.35,179.83,0.59,5,-0.46,0.34,Verbal,On-track
C025,48,M,Medium,Medium,Low,C025_S13,2023-03-02,Puzzle,3,239.97,True,2,1,0.6,0.58,65.34,0.73,7,-0.21,0.81,Hands-on,On-track
C025,48,M,Medium,Medium,Low,C025_S14,2023-02-10,Reading,4,142.66,True,2,5,0.8,0.58,296.02,0.62,1,0.28,0.95,Hands-on,Advanced
C025,48,M,Medium,Medium,Low,C025_S15,2023-06-30,Counting,3,52.6,False,2,3,0.79,0.34,77.42,0.71,8,0.88,0.63,Hands-on,At-risk
C025,48,M,Medium,Medium,Low,C025_S16,2023-03-17,Counting,4,201.07,True,0,0,0.17,0.76,187.84,0.52,6,0.55,0.98,Hands-on,On-track
C025,48,M,Medium,Medium,Low,C025_S17,2023-02-04,Reading,2,205.99,True,2,2,0.85,0.25,239.87,0.98,8,-0.01,0.83,Visual,At-risk
C025,48,M,Medium,Medium,Low,C025_S18,2023-06-05,Counting,2,176.71,True,0,0,0.32,0.72,192.98,0.96,2,-0.28,0.29,Verbal,On-track
C025,48,M,Medium,Medium,Low,C025_S19,2023-05-01,Drawing,3,238.3,True,3,0,0.66,0.01,41.73,0.95,8,-0.27,0.65,Mixed,At-risk
C025,48,M,Medium,Medium,Low,C025_S20,2023-06-02,Puzzle,4,293.71,True,1,0,0.36,0.77,85.42,0.86,4,0.56,0.79,Hands-on,On-track
C026,65,F,Low,High,Low,C026_S01,2023-01-16,Drawing,1,248.46,True,1,2,0.26,0.55,88.18,0.6,11,0.86,0.47,Hands-on,On-track
C026,65,F,Low,High,Low,C026_S02,2023-03-25,Reading,3,255.04,True,0,0,0.4,0.91,56.18,0.8,4,-0.13,0.42,Visual,On-track
C026,65,F,Low,High,Low,C026_S03,2023-05-30,Reading,5,15.94,True,1,4,0.61,0.98,272.5,0.98,6,-0.84,0.87,Visual,On-track
C026,65,F,Low,High,Low,C026_S04,2023-01-15,Reading,5,93.91,True,0,2,0.56,0.67,134.53,0.63,5,0.18,0.66,Visual,On-track
C026,65,F,Low,High,Low,C026_S05,2023-05-25,Puzzle,2,169.49,True,2,1,0.16,0.98,288.39,0.53,7,-0.38,0.93,Hands-on,At-risk
C026,65,F,Low,High,Low,C026_S06,2023-03-20,Puzzle,3,186.38,True,1,1,0.63,0.95,160.97,0.95,5,0.49,0.34,Verbal,Advanced
C026,65,F,Low,High,Low,C026_S07,2023-02-25,Puzzle,3,148.22,False,0,6,0.55,0.01,31.88,0.62,2,-0.94,0.93,Visual,On-track
C026,65,F,Low,High,Low,C026_S08,2023-01-17,Puzzle,2,19.94,True,0,1,0.34,0.5,293.4,0.81,8,-0.4,0.7,Mixed,On-track
C026,65,F,Low,High,Low,C026_S09,2023-05-01,Puzzle,3,189.61,True,0,5,0.57,0.48,150.86,0.89,3,0.17,0.38,Verbal,On-track
C026,65,F,Low,High,Low,C026_S10,2023-02-04,Reading,5,199.61,True,2,5,0.28,0.44,45.35,0.99,4,0.22,0.77,Verbal,Advanced
C026,65,F,Low,High,Low,C026_S11,2023-04-25,Reading,2,28.3,True,1,4,0.34,0.3,102.57,0.77,5,0.08,0.74,Verbal,At-risk
C026,65,F,Low,High,Low,C026_S12,2023-06-19,Drawing,2,58.61,True,0,2,0.25,0.1,195.4,0.55,2,0.78,0.77,Hands-on,On-track
C026,65,F,Low,High,Low,C026_S13,2023-02-15,Reading,5,52.19,False,0,2,0.2,0.44,63.29,0.74,5,0.83,0.89,Hands-on,At-risk
C026,65,F,Low,High,Low,C026_S14,2023-02-27,Puzzle,5,191.23,True,2,2,0.35,0.05,244.81,0.71,6,-0.22,0.93,Mixed,Advanced
C026,65,F,Low,High,Low,C026_S15,2023-04-29,Reading,1,131.35,True,1,1,0.56,0.24,79.77,0.53,8,-0.01,0.88,Hands-on,Advanced
C026,65,F,Low,High,Low,C026_S16,2023-03-05,Reading,4,13.89,True,0,0,0.57,0.68,53.15,0.73,8,0.92,0.78,Verbal,On-track
C026,65,F,Low,High,Low,C026_S17,2023-01-29,Puzzle,5,192.51,False,0,0,0.61,0.91,241.7,0.81,6,-0.96,0.64,Mixed,On-track
C026,65,F,Low,High,Low,C026_S18,2023-01-05,Drawing,1,204.91,True,1,3,0.97,0.08,123.7,0.71,1,-0.45,0.6,Visual,On-track
C026,65,F,Low,High,Low,C026_S19,2023-01-09,Reading,3,102.27,True,1,2,0.73,0.25,40.93,0.7,2,0.0,0.9,Hands-on,At-risk
C026,65,F,Low,High,Low,C026_S20,2023-01-13,Drawing,3,88.61,True,1,1,0.96,0.92,44.58,0.68,5,0.17,0.24,Hands-on,On-track
C027,56,M,High,Low,Low,C027_S01,2023-02-05,Counting,1,242.12,True,2,3,0.96,0.67,46.02,0.83,7,0.48,0.84,Visual,Advanced
C027,56,M,High,Low,Low,C027_S02,2023-05-28,Counting,3,116.72,True,1,0,0.1,0.65,142.69,0.65,6,0.58,0.54,Hands-on,At-risk
C027,56,M,High,Low,Low,C027_S03,2023-03-24,Drawing,5,83.44,False,0,1,0.47,0.23,162.66,0.94,4,0.57,0.4,Verbal,On-track
C027,56,M,High,Low,Low,C027_S04,2023-06-19,Drawing,4,111.64,False,0,1,0.73,0.91,147.34,0.74,7,-0.86,0.83,Verbal,On-track
C027,56,M,High,Low,Low,C027_S05,2023-05-23,Drawing,2,233.12,True,2,2,0.5,0.35,121.34,0.9,4,0.18,0.71,Hands-on,On-track
C027,56,M,High,Low,Low,C027_S06,2023-05-07,Puzzle,2,158.79,False,3,3,0.98,0.87,271.17,0.94,5,0.3,0.6,Mixed,Advanced
C027,56,M,High,Low,Low,C027_S07,2023-06-21,Reading,1,291.08,True,1,3,0.26,0.86,181.98,0.98,2,0.11,0.51,Mixed,On-track
C027,56,M,High,Low,Low,C027_S08,2023-04-17,Reading,4,172.2,True,1,3,0.85,0.1,256.19,0.58,5,0.0,0.56,Visual,On-track
C027,56,M,High,Low,Low,C027_S09,2023-05-18,Reading,5,211.18,True,2,3,0.99,0.73,287.17,0.92,5,0.05,0.6,Visual,On-track
C027,56,M,High,Low,Low,C027_S10,2023-02-06,Reading,5,292.47,False,0,2,0.82,0.52,184.47,0.93,5,-0.03,0.48,Mixed,On-track
C027,56,M,High,Low,Low,C027_S11,2023-04-17,Drawing,3,226.84,True,1,1,0.85,0.81,174.07,0.57,4,0.02,0.8,Verbal,On-track
C027,56,M,High,Low,Low,C027_S12,2023-03-26,Puzzle,3,239.02,True,0,1,0.79,0.72,268.06,0.82,3,0.4,0.82,Mixed,Advanced
C027,56,M,High,Low,Low,C027_S13,2023-01-24,Drawing,1,153.3,True,2,4,0.79,0.58,49.17,0.95,4,0.19,0.54,Visual,On-track
C027,56,M,High,Low,Low,C027_S14,2023-06-04,Puzzle,1,10.92,False,3,1,0.39,0.66,198.25,0.75,4,0.3,0.26,Mixed,On-track
C027,56,M,High,Low,Low,C027_S15,2023-05-31,Drawing,3,215.91,True,1,0,0.27,0.94,170.71,1.0,5,-0.08,0.35,Verbal,Advanced
C027,56,M,High,Low,Low,C027_S16,2023-03-27,Counting,4,272.73,False,2,4,0.58,0.32,50.26,0.95,5,0.72,0.76,Mixed,On-track
C027,56,M,High,Low,Low,C027_S17,2023-02-18,Puzzle,4,63.32,True,0,1,0.95,0.34,117.81,0.96,3,0.33,0.91,Hands-on,At-risk
C027,56,M,High,Low,Low,C027_S18,2023-03-04,Drawing,3,50.62,True,1,2,0.26,0.36,108.5,0.81,9,-0.26,0.49,Verbal,On-track
C027,56,M,High,Low,Low,C027_S19,2023-03-24,Counting,4,211.15,False,2,2,0.58,0.29,215.63,0.74,7,-0.64,0.63,Verbal,On-track
C027,56,M,High,Low,Low,C027_S20,2023-04-02,Counting,2,221.88,False,2,3,0.16,0.41,154.68,0.63,4,0.41,0.65,Verbal,On-track
C028,42,F,Medium,Low,High,C028_S01,2023-05-01,Counting,1,14.31,True,0,1,0.45,0.23,258.61,0.65,2,-0.55,0.85,Mixed,On-track
C028,42,F,Medium,Low,High,C028_S02,2023-04-16,Puzzle,5,244.75,False,1,1,0.5,0.17,295.15,0.55,6,0.88,0.81,Hands-on,On-track
C028,42,F,Medium,Low,High,C028_S03,2023-02-07,Puzzle,2,80.35,True,2,2,1.0,0.27,259.84,0.58,4,0.21,0.32,Verbal,Advanced
C028,42,F,Medium,Low,High,C028_S04,2023-05-29,Reading,2,115.62,True,2,1,0.8,0.23,172.19,0.73,4,-0.15,0.68,Verbal,On-track
C028,42,F,Medium,Low,High,C028_S05,2023-02-28,Reading,2,220.14,True,1,2,0.27,0.93,293.75,0.87,3,0.9,0.38,Hands-on,On-track
C028,42,F,Medium,Low,High,C028_S06,2023-05-21,Counting,1,153.76,True,0,3,0.25,0.44,163.34,0.66,5,0.79,0.89,Verbal,Advanced
C028,42,F,Medium,Low,High,C028_S07,2023-06-14,Reading,5,238.13,True,1,1,0.47,0.35,236.18,0.55,5,-0.42,0.5,Verbal,At-risk
C028,42,F,Medium,Low,High,C028_S08,2023-04-01,Drawing,3,182.82,True,1,5,0.49,0.49,44.91,0.98,3,0.85,0.88,Visual,On-track
C028,42,F,Medium,Low,High,C028_S09,2023-02-17,Puzzle,5,291.08,True,0,3,0.61,0.4,238.43,0.52,5,0.35,0.74,Hands-on,Advanced
C028,42,F,Medium,Low,High,C028_S10,2023-01-20,Puzzle,2,153.04,False,0,1,0.19,0.76,167.91,0.78,4,0.63,0.36,Mixed,On-track
C028,42,F,Medium,Low,High,C028_S11,2023-06-11,Drawing,2,228.52,True,1,2,0.92,0.3,151.43,0.77,3,-0.23,0.68,Visual,On-track
C028,42,F,Medium,Low,High,C028_S12,2023-02-25,Reading,3,211.42,True,0,1,0.87,0.09,255.3,0.68,2,-0.57,0.3,Verbal,At-risk
C028,42,F,Medium,Low,High,C028_S13,2023-06-20,Reading,1,242.1,True,2,1,0.68,0.93,71.48,0.59,6,-0.84,0.71,Hands-on,On-track
C028,42,F,Medium,Low,High,C028_S14,2023-05-17,Reading,2,182.53,True,0,2,0.48,0.58,265.7,0.93,4,0.81,0.36,Visual,On-track
C028,42,F,Medium,Low,High,C028_S15,2023-03-12,Counting,2,149.41,True,0,5,0.92,0.98,124.52,0.63,2,0.89,0.94,Visual,Advanced
C028,42,F,Medium,Low,High,C028_S16,2023-06-22,Reading,5,213.69,True,1,2,0.9,0.17,70.37,0.79,6,-0.1,0.95,Mixed,Advanced
C028,42,F,Medium,Low,High,C028_S17,2023-01-28,Puzzle,4,101.92,True,0,2,0.46,0.69,274.65,0.57,4,-0.65,0.68,Hands-on,On-track
C028,42,F,Medium,Low,High,C028_S18,2023-06-08,Counting,3,212.61,True,1,1,0.38,0.05,286.14,0.82,11,0.91,0.76,Mixed,On-track
C028,42,F,Medium,Low,High,C028_S19,2023-04-12,Puzzle,4,272.99,True,1,1,0.85,0.02,103.69,0.5,11,-0.26,0.77,Verbal,On-track
C028,42,F,Medium,Low,High,C028_S20,2023-05-25,Drawing,4,152.2,True,0,4,0.64,0.45,144.02,0.63,3,0.44,0.24,Mixed,On-track
C029,50,M,High,High,Low,C029_S01,2023-01-24,Reading,2,74.21,True,0,1,0.42,0.97,290.16,0.72,2,0.49,0.37,Verbal,On-track
C029,50,M,High,High,Low,C029_S02,2023-01-15,Puzzle,4,55.22,True,1,3,0.79,0.69,230.25,0.87,5,-0.88,0.99,Hands-on,On-track
C029,50,M,High,High,Low,C029_S03,2023-04-22,Counting,4,23.35,True,1,2,0.91,0.52,156.04,0.93,7,0.91,0.49,Hands-on,Advanced
C029,50,M,High,High,Low,C029_S04,2023-01-25,Puzzle,5,193.93,True,2,3,0.39,0.68,182.06,0.58,8,0.34,0.58,Visual,Advanced
C029,50,M,High,High,Low,C029_S05,2023-06-27,Reading,4,14.13,True,1,2,0.66,0.18,234.36,0.52,4,-0.0,0.48,Verbal,Advanced
C029,50,M,High,High,Low,C029_S06,2023-06-25,Counting,1,70.54,True,0,6,0.98,0.64,38.31,0.86,7,0.28,0.69,Mixed,On-track
C029,50,M,High,High,Low,C029_S07,2023-01-09,Drawing,4,111.97,True,1,3,0.56,0.62,251.26,0.88,2,-0.49,0.3,Mixed,On-track
C029,50,M,High,High,Low,C029_S08,2023-02-23,Drawing,4,121.29,True,2,2,0.7,0.43,149.15,0.53,8,0.59,0.69,Mixed,At-risk
C029,50,M,High,High,Low,C029_S09,2023-04-12,Puzzle,5,192.04,True,1,2,0.31,0.87,76.17,0.71,6,0.44,0.92,Verbal,On-track
C029,50,M,High,High,Low,C029_S10,2023-05-26,Reading,5,17.21,True,1,1,0.65,0.44,226.22,0.95,4,-0.82,0.65,Hands-on,On-track
C029,50,M,High,High,Low,C029_S11,2023-04-09,Drawing,3,97.01,True,3,2,0.89,0.2,285.77,0.67,6,-0.98,0.57,Mixed,At-risk
C029,50,M,High,High,Low,C029_S12,2023-01-21,Counting,1,99.55,True,0,0,0.14,0.72,204.19,0.64,7,-0.71,0.87,Visual,On-track
C029,50,M,High,High,Low,C029_S13,2023-01-20,Counting,3,184.61,True,0,3,0.14,0.95,114.71,0.72,2,0.67,0.31,Hands-on,At-risk
C029,50,M,High,High,Low,C029_S14,2023-06-02,Reading,5,277.87,True,1,1,0.77,0.92,259.72,0.76,7,-0.63,0.97,Mixed,On-track
C029,50,M,High,High,Low,C029_S15,2023-06-12,Counting,3,199.55,True,0,3,0.42,0.02,81.94,0.88,4,-0.56,0.66,Mixed,On-track
C029,50,M,High,High,Low,C029_S16,2023-02-28,Counting,2,241.48,True,2,1,0.28,0.43,233.98,0.8,3,0.64,0.99,Hands-on,On-track
C029,50,M,High,High,Low,C029_S17,2023-02-17,Reading,2,13.18,True,2,2,0.39,0.55,69.76,0.73,7,-0.76,0.53,Visual,At-risk
C029,50,M,High,High,Low,C029_S18,2023-03-05,Puzzle,1,205.88,True,2,1,0.79,0.26,150.49,0.85,5,-0.34,0.85,Visual,On-track
C029,50,M,High,High,Low,C029_S19,2023-06-12,Drawing,5,144.68,False,1,4,0.3,0.44,160.74,0.92,2,0.72,0.34,Hands-on,On-track
C029,50,M,High,High,Low,C029_S20,2023-01-28,Puzzle,1,125.86,False,0,1,0.91,0.87,94.18,0.54,3,-0.73,0.75,Visual,On-track
C030,51,F,Medium,Low,Low,C030_S01,2023-01-23,Drawing,3,26.99,True,2,1,0.75,0.31,253.8,0.8,5,-0.2,0.81,Verbal,On-track
C030,51,F,Medium,Low,Low,C030_S02,2023-05-12,Reading,5,219.65,True,2,3,0.51,0.7,299.34,0.66,6,0.24,0.2,Visual,On-track
C030,51,F,Medium,Low,Low,C030_S03,2023-05-22,Puzzle,2,257.9,True,2,1,0.87,0.69,34.83,0.61,3,0.68,0.64,Hands-on,At-risk
C030,51,F,Medium,Low,Low,C030_S04,2023-04-09,Puzzle,1,68.02,True,0,2,0.42,0.65,177.63,0.87,3,-0.08,0.44,Verbal,On-track
C030,51,F,Medium,Low,Low,C030_S05,2023-01-22,Drawing,1,157.67,False,2,5,0.84,0.12,259.12,0.71,5,-0.01,0.28,Hands-on,On-track
C030,51,F,Medium,Low,Low,C030_S06,2023-04-08,Drawing,5,244.43,True,1,0,0.91,0.13,285.94,0.79,3,-0.29,0.79,Visual,On-track
C030,51,F,Medium,Low,Low,C030_S07,2023-05-07,Drawing,2,202.49,True,0,4,0.36,0.87,245.19,0.76,4,0.9,0.84,Visual,On-track
C030,51,F,Medium,Low,Low,C030_S08,2023-04-18,Counting,5,268.47,True,1,0,0.85,0.86,254.38,0.9,5,-0.41,0.86,Verbal,On-track
C030,51,F,Medium,Low,Low,C030_S09,2023-03-06,Drawing,1,28.91,True,0,0,0.78,0.49,122.58,0.71,9,0.97,0.86,Hands-on,On-track
C030,51,F,Medium,Low,Low,C030_S10,2023-06-07,Drawing,3,267.11,True,1,2,0.44,0.5,286.81,0.88,2,-0.09,0.85,Verbal,On-track
C030,51,F,Medium,Low,Low,C030_S11,2023-01-02,Reading,4,258.92,False,3,3,0.4,0.14,92.9,0.95,2,0.23,0.63,Verbal,At-risk
C030,51,F,Medium,Low,Low,C030_S12,2023-03-26,Reading,1,33.29,False,0,3,0.78,0.1,150.67,0.87,4,-0.66,0.29,Verbal,Advanced
C030,51,F,Medium,Low,Low,C030_S13,2023-06-16,Drawing,3,291.35,True,2,2,0.63,0.07,99.09,0.6,2,-0.23,0.41,Verbal,At-risk
C030,51,F,Medium,Low,Low,C030_S14,2023-06-27,Drawing,1,32.03,True,0,1,0.88,0.49,184.48,0.78,4,0.42,0.37,Verbal,On-track
C030,51,F,Medium,Low,Low,C030_S15,2023-04-12,Counting,5,212.68,False,1,6,0.99,0.04,73.81,0.95,3,-0.14,0.8,Verbal,At-risk
C030,51,F,Medium,Low,Low,C030_S16,2023-05-06,Drawing,1,125.8,True,3,1,0.61,0.25,146.56,0.82,2,-0.96,0.21,Verbal,On-track
C030,51,F,Medium,Low,Low,C030_S17,2023-04-11,Counting,2,79.45,True,1,0,0.59,0.86,213.08,0.65,10,0.98,0.35,Visual,On-track
C030,51,F,Medium,Low,Low,C030_S18,2023-06-01,Drawing,3,140.38,True,0,4,0.7,0.9,186.05,0.76,7,0.63,0.38,Hands-on,On-track
C030,51,F,Medium,Low,Low,C030_S19,2023-04-29,Drawing,1,74.26,True,0,5,0.41,0.94,74.48,0.52,7,-0.81,0.34,Verbal,On-track
C030,51,F,Medium,Low,Low,C030_S20,2023-06-27,Puzzle,2,182.16,False,2,4,0.9,0.88,234.57,0.78,6,0.62,0.95,Mixed,At-risk
C031,67,F,High,Medium,Low,C031_S01,2023-06-12,Counting,3,33.57,True,3,4,0.48,0.63,261.2,0.75,2,0.44,0.29,Visual,At-risk
C031,67,F,High,Medium,Low,C031_S02,2023-04-19,Reading,1,288.04,True,2,1,0.82,0.24,154.34,0.74,6,0.91,1.0,Visual,Advanced
C031,67,F,High,Medium,Low,C031_S03,2023-05-03,Reading,4,148.58,True,0,2,0.93,0.91,297.08,0.94,5,0.96,0.44,Hands-on,Advanced
C031,67,F,High,Medium,Low,C031_S04,2023-06-27,Reading,2,140.63,True,2,4,0.79,0.52,220.18,0.95,5,-0.65,0.28,Hands-on,At-risk
C031,67,F,High,Medium,Low,C031_S05,2023-04-03,Puzzle,4,49.48,True,1,0,0.86,0.84,118.9,0.54,3,-0.73,0.67,Visual,On-track
C031,67,F,High,Medium,Low,C031_S06,2023-06-20,Counting,3,168.95,True,1,2,0.39,0.39,198.1,0.58,5,-0.99,0.63,Visual,At-risk
C031,67,F,High,Medium,Low,C031_S07,2023-05-25,Reading,5,134.44,False,1,0,0.13,0.68,256.19,0.85,4,-0.86,0.63,Mixed,On-track
C031,67,F,High,Medium,Low,C031_S08,2023-04-21,Puzzle,4,33.21,True,3,4,0.9,0.85,86.88,0.81,3,-0.2,0.66,Visual,On-track
C031,67,F,High,Medium,Low,C031_S09,2023-05-11,Drawing,5,292.53,True,0,3,0.55,0.34,234.39,0.77,7,0.69,0.56,Verbal,On-track
C031,67,F,High,Medium,Low,C031_S10,2023-06-23,Drawing,3,187.02,True,2,0,0.68,0.52,272.77,0.86,4,0.15,0.37,Verbal,On-track
C031,67,F,High,Medium,Low,C031_S11,2023-01-27,Counting,3,177.82,True,2,3,0.47,0.15,288.61,0.7,3,0.53,0.66,Verbal,Advanced
C031,67,F,High,Medium,Low,C031_S12,2023-01-30,Drawing,1,25.0,True,0,2,0.65,0.55,103.72,0.62,4,0.75,0.79,Verbal,On-track
C031,67,F,High,Medium,Low,C031_S13,2023-02-22,Reading,5,44.42,True,0,2,0.86,0.44,291.42,0.98,10,0.65,0.32,Verbal,On-track
C031,67,F,High,Medium,Low,C031_S14,2023-06-28,Reading,2,277.71,True,2,2,0.2,0.11,123.87,0.88,6,-0.05,0.72,Verbal,On-track
C031,67,F,High,Medium,Low,C031_S15,2023-01-30,Puzzle,2,287.68,True,2,1,0.82,0.22,117.49,0.76,8,-1.0,0.56,Mixed,At-risk
C031,67,F,High,Medium,Low,C031_S16,2023-06-23,Drawing,2,115.86,False,0,3,0.64,0.48,58.56,0.64,6,0.02,0.55,Mixed,At-risk
C031,67,F,High,Medium,Low,C031_S17,2023-05-13,Drawing,1,77.68,False,1,2,0.36,0.68,115.18,0.9,3,0.8,0.67,Hands-on,On-track
C031,67,F,High,Medium,Low,C031_S18,2023-04-20,Reading,3,77.45,True,3,3,0.4,0.08,49.81,0.6,4,0.1,0.42,Visual,On-track
C031,67,F,High,Medium,Low,C031_S19,2023-02-17,Drawing,4,76.58,True,0,0,0.13,0.61,197.17,0.76,3,0.35,0.31,Hands-on,On-track
C031,67,F,High,Medium,Low,C031_S20,2023-01-08,Drawing,5,42.89,True,0,3,0.8,0.54,245.32,0.8,7,0.55,0.5,Verbal,On-track
C032,36,M,High,Low,Low,C032_S01,2023-03-13,Puzzle,2,115.34,True,0,1,0.94,0.71,119.02,0.7,7,-0.42,0.81,Hands-on,At-risk
C032,36,M,High,Low,Low,C032_S02,2023-05-18,Drawing,2,236.25,True,1,3,0.98,0.7,163.95,0.72,4,-0.06,0.99,Verbal,On-track
C032,36,M,High,Low,Low,C032_S03,2023-01-30,Counting,3,156.48,False,0,3,0.38,0.68,88.2,0.71,1,0.94,0.55,Hands-on,On-track
C032,36,M,High,Low,Low,C032_S04,2023-06-13,Counting,5,50.69,True,0,2,0.92,0.19,195.5,0.99,4,0.0,0.83,Hands-on,At-risk
C032,36,M,High,Low,Low,C032_S05,2023-05-31,Puzzle,5,201.32,True,0,3,0.81,0.06,82.39,0.83,5,0.55,0.32,Verbal,Advanced
C032,36,M,High,Low,Low,C032_S06,2023-06-08,Drawing,2,234.7,True,1,1,0.85,0.36,106.02,0.92,3,0.82,0.8,Mixed,At-risk
C032,36,M,High,Low,Low,C032_S07,2023-03-18,Puzzle,4,217.26,True,1,3,0.29,0.76,151.86,0.98,8,0.07,0.38,Hands-on,On-track
C032,36,M,High,Low,Low,C032_S08,2023-03-03,Counting,5,164.53,True,0,1,0.27,0.58,215.08,0.56,4,-0.64,0.2,Visual,On-track
C032,36,M,High,Low,Low,C032_S09,2023-02-06,Reading,2,176.21,True,0,2,0.52,0.68,254.7,0.73,4,0.77,0.65,Verbal,On-track
C032,36,M,High,Low,Low,C032_S10,2023-04-09,Reading,4,286.92,True,0,1,0.85,0.61,276.58,0.62,1,0.02,1.0,Visual,At-risk
C032,36,M,High,Low,Low,C032_S11,2023-06-27,Drawing,2,143.7,True,1,3,0.76,0.87,291.92,0.96,8,-0.58,0.36,Hands-on,On-track
C032,36,M,High,Low,Low,C032_S12,2023-02-05,Drawing,2,206.55,True,1,0,0.51,0.8,134.76,0.69,2,0.14,0.61,Verbal,On-track
C032,36,M,High,Low,Low,C032_S13,2023-01-14,Counting,2,75.62,True,1,1,0.17,0.99,207.01,0.77,4,0.31,0.5,Mixed,On-track
C032,36,M,High,Low,Low,C032_S14,2023-02-19,Reading,3,287.4,True,1,2,0.81,0.43,156.38,0.99,5,-0.97,0.67,Mixed,On-track
C032,36,M,High,Low,Low,C032_S15,2023-05-07,Reading,5,188.67,True,0,1,0.38,0.15,186.65,0.83,3,-0.15,0.96,Hands-on,On-track
C032,36,M,High,Low,Low,C032_S16,2023-04-24,Reading,2,39.26,True,3,0,0.36,0.66,195.54,0.77,10,-0.88,0.67,Visual,On-track
C032,36,M,High,Low,Low,C032_S17,2023-02-26,Counting,1,168.81,True,0,1,0.43,0.1,184.4,0.55,2,0.68,0.93,Visual,On-track
C032,36,M,High,Low,Low,C032_S18,2023-03-15,Drawing,3,86.44,True,4,2,0.13,0.7,148.38,0.78,6,0.21,0.92,Mixed,On-track
C032,36,M,High,Low,Low,C032_S19,2023-05-07,Puzzle,4,54.08,True,0,5,0.89,0.72,203.58,0.78,3,-0.04,0.68,Hands-on,On-track
C032,36,M,High,Low,Low,C032_S20,2023-05-20,Counting,5,224.08,True,0,0,0.58,0.72,88.14,0.86,9,-0.59,0.75,Hands-on,At-risk
C033,61,F,High,Low,Moderate,C033_S01,2023-01-27,Drawing,4,62.15,True,1,2,0.59,0.79,101.88,0.8,7,-0.86,0.28,Verbal,Advanced
C033,61,F,High,Low,Moderate,C033_S02,2023-04-26,Counting,1,24.98,True,1,3,0.77,0.4,86.81,0.76,7,0.63,0.78,Verbal,Advanced
C033,61,F,High,Low,Moderate,C033_S03,2023-04-23,Puzzle,1,82.69,True,1,1,0.78,0.05,84.54,0.9,4,-0.37,0.71,Mixed,On-track
C033,61,F,High,Low,Moderate,C033_S04,2023-05-31,Counting,5,45.4,True,0,2,0.6,0.08,274.01,0.95,7,0.26,0.34,Mixed,At-risk
C033,61,F,High,Low,Moderate,C033_S05,2023-04-20,Drawing,3,279.94,True,2,0,0.13,0.56,235.97,0.68,4,-0.78,0.85,Hands-on,At-risk
C033,61,F,High,Low,Moderate,C033_S06,2023-02-22,Puzzle,1,60.23,True,2,2,0.24,0.62,143.36,0.81,8,-0.25,0.57,Hands-on,On-track
C033,61,F,High,Low,Moderate,C033_S07,2023-06-02,Drawing,2,67.54,True,1,1,0.67,0.0,34.95,0.69,8,-0.61,0.8,Verbal,At-risk
C033,61,F,High,Low,Moderate,C033_S08,2023-03-16,Counting,5,149.5,True,1,0,0.73,0.05,250.61,0.91,4,0.18,0.44,Mixed,On-track
C033,61,F,High,Low,Moderate,C033_S09,2023-06-23,Puzzle,1,157.1,False,0,2,0.47,0.61,87.64,0.65,6,0.89,0.26,Visual,At-risk
C033,61,F,High,Low,Moderate,C033_S10,2023-04-16,Puzzle,5,131.08,True,2,1,0.87,0.57,152.85,0.57,5,-0.55,0.53,Mixed,Advanced
C033,61,F,High,Low,Moderate,C033_S11,2023-02-02,Drawing,4,46.73,True,0,2,0.69,0.85,281.53,0.99,7,-0.88,0.65,Visual,At-risk
C033,61,F,High,Low,Moderate,C033_S12,2023-03-05,Reading,1,31.85,False,1,2,0.78,0.8,179.3,0.74,2,-0.38,0.96,Verbal,On-track
C033,61,F,High,Low,Moderate,C033_S13,2023-03-10,Reading,3,38.97,True,1,2,0.88,0.4,120.02,0.67,4,0.8,0.83,Verbal,On-track
C033,61,F,High,Low,Moderate,C033_S14,2023-01-24,Reading,2,238.03,False,3,3,0.15,0.51,265.14,0.61,8,0.63,0.63,Hands-on,On-track
C033,61,F,High,Low,Moderate,C033_S15,2023-04-05,Reading,2,31.42,True,0,1,0.58,0.9,220.47,0.9,5,-0.62,0.68,Mixed,On-track
C033,61,F,High,Low,Moderate,C033_S16,2023-01-01,Puzzle,5,100.45,True,0,0,0.75,0.57,174.11,0.73,3,-0.73,0.67,Hands-on,On-track
C033,61,F,High,Low,Moderate,C033_S17,2023-06-20,Counting,3,291.59,False,1,1,0.67,0.72,73.43,0.82,3,-0.87,0.55,Mixed,At-risk
C033,61,F,High,Low,Moderate,C033_S18,2023-04-12,Drawing,1,32.23,True,1,2,0.85,0.11,278.55,0.97,1,0.98,0.59,Mixed,Advanced
C033,61,F,High,Low,Moderate,C033_S19,2023-05-07,Counting,1,292.55,True,1,0,0.72,0.98,290.72,0.58,6,0.69,0.63,Verbal,On-track
C033,61,F,High,Low,Moderate,C033_S20,2023-05-21,Drawing,4,293.38,True,3,0,0.14,0.2,80.22,0.63,3,-0.92,0.74,Hands-on,On-track
C034,53,F,High,Low,Low,C034_S01,2023-01-26,Reading,1,168.7,True,1,2,0.85,0.15,207.86,0.58,5,-0.23,0.4,Visual,Advanced
C034,53,F,High,Low,Low,C034_S02,2023-02-10,Reading,5,89.96,True,0,2,0.64,0.61,181.33,0.96,9,0.89,0.42,Verbal,Advanced
C034,53,F,High,Low,Low,C034_S03,2023-04-20,Drawing,3,258.33,False,0,2,0.78,0.6,104.08,0.63,7,-0.3,0.54,Mixed,Advanced
C034,53,F,High,Low,Low,C034_S04,2023-06-16,Counting,4,68.25,True,2,3,0.57,0.09,147.84,0.79,6,-0.87,0.64,Visual,Advanced
C034,53,F,High,Low,Low,C034_S05,2023-03-12,Puzzle,1,114.92,True,1,4,0.34,0.71,213.04,0.68,7,0.02,0.33,Hands-on,On-track
C034,53,F,High,Low,Low,C034_S06,2023-04-06,Drawing,1,278.13,False,0,1,0.19,0.47,173.16,0.63,7,0.82,0.25,Visual,At-risk
C034,53,F,High,Low,Low,C034_S07,2023-06-29,Drawing,2,210.91,True,1,3,0.48,0.3,157.05,0.55,1,-0.63,0.6,Verbal,On-track
C034,53,F,High,Low,Low,C034_S08,2023-01-25,Puzzle,5,29.46,True,2,1,0.46,0.82,51.87,0.66,5,-0.39,0.6,Visual,On-track
C034,53,F,High,Low,Low,C034_S09,2023-06-01,Drawing,3,192.14,False,0,2,0.27,0.93,38.7,0.73,9,-0.18,0.77,Hands-on,On-track
C034,53,F,High,Low,Low,C034_S10,2023-01-03,Counting,4,100.25,False,1,2,0.68,0.27,133.71,0.87,2,-0.32,0.52,Mixed,Advanced
C034,53,F,High,Low,Low,C034_S11,2023-04-19,Drawing,5,205.53,True,0,3,0.4,0.29,87.1,0.63,2,-0.63,0.8,Verbal,On-track
C034,53,F,High,Low,Low,C034_S12,2023-01-23,Puzzle,3,66.44,True,0,2,0.59,0.99,146.74,0.82,6,0.8,0.34,Visual,On-track
C034,53,F,High,Low,Low,C034_S13,2023-03-18,Drawing,5,28.75,True,0,4,0.31,0.53,60.85,0.77,0,-0.35,0.38,Verbal,Advanced
C034,53,F,High,Low,Low,C034_S14,2023-02-04,Drawing,1,120.04,False,0,4,0.34,0.7,77.84,0.73,1,0.36,0.8,Visual,On-track
C034,53,F,High,Low,Low,C034_S15,2023-06-06,Drawing,5,194.54,True,0,1,0.9,0.57,214.01,0.67,4,-0.41,0.46,Verbal,At-risk
C034,53,F,High,Low,Low,C034_S16,2023-06-10,Drawing,5,100.26,True,1,3,0.42,0.83,41.97,0.65,6,0.8,0.41,Mixed,At-risk
C034,53,F,High,Low,Low,C034_S17,2023-04-24,Drawing,3,257.72,True,0,2,0.63,0.23,159.25,0.7,5,0.26,0.67,Visual,On-track
C034,53,F,High,Low,Low,C034_S18,2023-02-01,Reading,2,81.67,True,1,5,0.24,0.73,146.47,0.72,4,-0.87,0.46,Verbal,On-track
C034,53,F,High,Low,Low,C034_S19,2023-02-05,Drawing,1,282.03,True,2,2,0.65,0.69,154.01,0.78,9,0.45,0.61,Verbal,On-track
C034,53,F,High,Low,Low,C034_S20,2023-05-22,Counting,5,264.91,True,1,5,0.34,0.33,59.13,0.97,7,-0.24,0.8,Mixed,At-risk
C035,62,F,Low,High,High,C035_S01,2023-05-11,Drawing,1,228.93,True,1,2,0.81,0.6,271.2,0.59,3,0.98,0.42,Hands-on,On-track
C035,62,F,Low,High,High,C035_S02,2023-01-14,Drawing,3,17.97,True,1,1,0.5,0.05,111.1,0.76,5,0.75,0.66,Verbal,On-track
C035,62,F,Low,High,High,C035_S03,2023-05-08,Puzzle,2,260.79,True,0,1,0.8,0.99,173.42,0.84,4,-0.11,0.77,Hands-on,Advanced
C035,62,F,Low,High,High,C035_S04,2023-04-03,Counting,1,127.26,True,3,1,0.68,0.55,210.05,0.97,5,-0.59,0.61,Visual,Advanced
C035,62,F,Low,High,High,C035_S05,2023-05-26,Reading,3,145.43,False,0,1,0.32,0.13,261.5,0.78,6,-0.21,0.44,Verbal,At-risk
C035,62,F,Low,High,High,C035_S06,2023-05-01,Puzzle,5,260.79,True,1,0,0.34,0.05,279.58,0.83,6,0.41,0.78,Visual,On-track
C035,62,F,Low,High,High,C035_S07,2023-03-09,Drawing,1,25.27,True,2,3,0.54,0.81,287.55,0.62,7,0.18,0.28,Visual,On-track
C035,62,F,Low,High,High,C035_S08,2023-04-12,Counting,2,290.91,True,0,0,0.28,0.77,109.75,0.51,2,-0.53,0.39,Hands-on,On-track
C035,62,F,Low,High,High,C035_S09,2023-04-17,Reading,4,276.91,False,1,1,0.15,0.94,80.41,0.6,2,-0.7,0.5,Hands-on,On-track
C035,62,F,Low,High,High,C035_S10,2023-05-18,Drawing,3,81.59,True,1,6,0.33,0.11,68.04,0.93,7,0.12,0.22,Verbal,On-track
C035,62,F,Low,High,High,C035_S11,2023-05-11,Drawing,4,255.9,True,1,3,0.6,0.64,195.47,0.86,5,0.12,0.67,Mixed,On-track
C035,62,F,Low,High,High,C035_S12,2023-03-25,Reading,4,171.52,True,1,2,0.11,0.21,170.0,0.77,8,-0.74,0.7,Hands-on,At-risk
C035,62,F,Low,High,High,C035_S13,2023-06-16,Puzzle,1,266.74,True,1,2,0.45,0.0,156.0,0.74,8,-0.22,0.8,Verbal,On-track
C035,62,F,Low,High,High,C035_S14,2023-03-03,Puzzle,3,216.45,True,1,0,0.6,0.25,293.83,0.9,3,-0.62,0.37,Visual,Advanced
C035,62,F,Low,High,High,C035_S15,2023-01-30,Reading,3,238.25,True,0,2,0.3,0.95,287.62,1.0,4,0.91,0.83,Hands-on,On-track
C035,62,F,Low,High,High,C035_S16,2023-06-20,Drawing,2,63.93,False,1,2,0.69,0.65,55.63,0.66,5,-0.5,0.39,Visual,At-risk
C035,62,F,Low,High,High,C035_S17,2023-06-29,Puzzle,2,52.3,False,0,0,0.55,0.82,239.12,0.97,4,-0.95,0.77,Visual,Advanced
C035,62,F,Low,High,High,C035_S18,2023-05-14,Counting,5,174.78,False,4,4,0.42,0.28,100.83,0.61,5,0.26,0.81,Visual,On-track
C035,62,F,Low,High,High,C035_S19,2023-03-10,Puzzle,4,67.84,True,4,0,0.64,0.39,270.23,0.65,7,0.63,0.3,Mixed,On-track
C035,62,F,Low,High,High,C035_S20,2023-04-20,Counting,3,199.28,True,0,2,0.64,0.24,162.42,0.54,2,-0.73,0.75,Hands-on,On-track
C036,52,M,Medium,Medium,High,C036_S01,2023-04-03,Puzzle,1,135.12,True,0,2,0.98,0.98,132.1,0.51,6,-0.6,0.53,Verbal,On-track
C036,52,M,Medium,Medium,High,C036_S02,2023-04-05,Drawing,3,56.49,True,0,5,0.33,0.33,165.11,0.51,4,0.31,0.62,Verbal,On-track
C036,52,M,Medium,Medium,High,C036_S03,2023-05-27,Puzzle,5,29.32,True,0,4,0.19,0.25,278.12,0.83,1,0.37,0.81,Visual,On-track
C036,52,M,Medium,Medium,High,C036_S04,2023-01-12,Puzzle,1,208.17,True,2,1,0.45,0.16,56.38,0.76,6,0.42,0.67,Visual,On-track
C036,52,M,Medium,Medium,High,C036_S05,2023-04-09,Drawing,5,178.26,False,1,4,0.14,0.25,68.66,0.78,2,0.66,0.67,Visual,Advanced
C036,52,M,Medium,Medium,High,C036_S06,2023-01-10,Reading,2,198.59,True,1,3,0.93,0.78,95.69,0.97,3,0.92,0.48,Visual,On-track
C036,52,M,Medium,Medium,High,C036_S07,2023-03-23,Counting,4,270.62,False,5,2,0.35,0.58,282.05,0.52,11,0.2,0.47,Mixed,On-track
C036,52,M,Medium,Medium,High,C036_S08,2023-01-31,Puzzle,3,230.95,True,1,5,0.69,0.58,38.34,0.6,3,0.11,0.37,Visual,Advanced
C036,52,M,Medium,Medium,High,C036_S09,2023-01-12,Reading,4,274.04,True,0,1,0.17,0.02,286.91,0.86,8,0.9,0.55,Visual,On-track
C036,52,M,Medium,Medium,High,C036_S10,2023-03-14,Counting,2,247.64,True,0,1,0.41,0.66,34.22,0.53,5,0.54,0.43,Verbal,On-track
C036,52,M,Medium,Medium,High,C036_S11,2023-01-03,Counting,3,56.16,True,1,3,0.94,0.11,201.33,0.84,4,-0.96,0.65,Visual,On-track
C036,52,M,Medium,Medium,High,C036_S12,2023-03-19,Drawing,5,248.54,True,4,5,0.59,0.18,123.8,0.97,3,-0.35,0.65,Verbal,On-track
C036,52,M,Medium,Medium,High,C036_S13,2023-05-07,Drawing,1,242.18,False,0,1,0.77,0.28,35.37,0.77,12,-0.39,0.83,Hands-on,On-track
C036,52,M,Medium,Medium,High,C036_S14,2023-03-04,Drawing,5,93.92,True,0,2,0.2,0.94,41.96,0.87,2,-0.72,0.3,Visual,On-track
C036,52,M,Medium,Medium,High,C036_S15,2023-03-01,Counting,3,197.34,True,2,0,0.69,0.28,37.78,0.71,5,0.37,0.65,Hands-on,At-risk
C036,52,M,Medium,Medium,High,C036_S16,2023-01-03,Counting,4,214.5,True,1,2,0.23,0.16,202.64,0.94,7,-0.79,0.27,Visual,At-risk
C036,52,M,Medium,Medium,High,C036_S17,2023-03-20,Puzzle,2,208.02,False,0,1,0.41,0.13,64.19,0.91,7,0.99,0.68,Visual,Advanced
C036,52,M,Medium,Medium,High,C036_S18,2023-04-18,Reading,1,110.68,True,1,3,0.16,0.49,249.6,0.55,3,0.13,0.57,Mixed,Advanced
C036,52,M,Medium,Medium,High,C036_S19,2023-02-06,Counting,1,176.21,False,0,1,0.34,0.4,219.5,0.52,5,0.13,0.7,Visual,Advanced
C036,52,M,Medium,Medium,High,C036_S20,2023-05-14,Reading,3,151.67,True,2,3,0.1,0.1,57.42,0.85,7,0.61,0.91,Hands-on,On-track
C037,41,M,High,Low,High,C037_S01,2023-02-04,Reading,4,80.87,True,1,1,0.48,0.89,145.98,0.77,6,-0.78,0.92,Visual,On-track
C037,41,M,High,Low,High,C037_S02,2023-04-22,Drawing,2,250.49,True,0,1,0.91,0.3,165.04,0.71,3,-0.63,0.59,Visual,On-track
C037,41,M,High,Low,High,C037_S03,2023-03-22,Reading,2,175.0,False,2,2,0.87,0.78,96.21,0.88,1,-0.87,0.82,Hands-on,At-risk
C037,41,M,High,Low,High,C037_S04,2023-03-23,Reading,3,75.28,True,2,1,0.49,0.43,164.52,0.95,8,0.38,0.95,Verbal,On-track
C037,41,M,High,Low,High,C037_S05,2023-02-21,Drawing,4,264.6,True,0,0,0.67,0.58,296.46,0.94,4,-0.74,0.29,Mixed,On-track
C037,41,M,High,Low,High,C037_S06,2023-02-09,Puzzle,1,267.61,False,1,0,0.54,0.9,81.42,0.99,10,-0.89,0.84,Visual,On-track
C037,41,M,High,Low,High,C037_S07,2023-04-15,Puzzle,3,295.14,True,4,1,0.52,0.99,237.79,0.98,10,0.87,0.67,Hands-on,Advanced
C037,41,M,High,Low,High,C037_S08,2023-02-23,Reading,5,53.25,False,3,1,0.85,0.09,200.3,0.75,4,-0.92,0.54,Verbal,On-track
C037,41,M,High,Low,High,C037_S09,2023-01-31,Puzzle,1,182.12,True,0,1,0.17,0.68,139.93,0.86,3,0.09,0.27,Visual,At-risk
C037,41,M,High,Low,High,C037_S10,2023-06-30,Puzzle,5,291.08,True,2,0,0.44,0.77,220.87,0.52,4,0.72,0.94,Visual,Advanced
C037,41,M,High,Low,High,C037_S11,2023-02-07,Puzzle,2,59.56,True,0,3,0.85,0.46,103.93,0.99,5,-0.66,0.89,Hands-on,Advanced
C037,41,M,High,Low,High,C037_S12,2023-04-12,Puzzle,4,117.76,True,0,4,0.14,0.99,121.92,0.66,7,0.05,0.93,Hands-on,On-track
C037,41,M,High,Low,High,C037_S13,2023-02-14,Puzzle,5,86.03,True,0,1,0.47,0.07,139.41,0.52,6,0.43,0.51,Mixed,Advanced
C037,41,M,High,Low,High,C037_S14,2023-05-23,Drawing,2,284.89,True,2,0,0.15,0.28,216.18,0.95,4,-0.64,0.25,Visual,On-track
C037,41,M,High,Low,High,C037_S15,2023-02-05,Puzzle,4,124.31,True,1,5,0.55,0.35,137.96,0.68,5,0.55,0.32,Visual,Advanced
C037,41,M,High,Low,High,C037_S16,2023-02-26,Drawing,2,76.53,True,0,3,0.86,0.34,171.87,0.84,9,-0.77,0.52,Visual,On-track
C037,41,M,High,Low,High,C037_S17,2023-06-25,Puzzle,5,256.1,True,1,1,0.71,0.26,145.26,0.69,6,-0.67,0.3,Hands-on,On-track
C037,41,M,High,Low,High,C037_S18,2023-01-20,Puzzle,2,149.76,True,1,3,0.63,0.09,228.14,1.0,9,-0.82,0.42,Mixed,On-track
C037,41,M,High,Low,High,C037_S19,2023-06-15,Reading,3,132.98,True,0,3,0.54,0.84,89.3,0.68,2,0.8,0.45,Mixed,On-track
C037,41,M,High,Low,High,C037_S20,2023-03-26,Puzzle,3,110.46,True,2,1,0.69,0.12,267.4,0.89,4,-0.18,0.76,Visual,On-track
C038,49,M,High,Medium,High,C038_S01,2023-04-12,Reading,1,164.35,True,3,4,0.59,0.37,218.32,0.74,9,0.08,0.32,Visual,At-risk
C038,49,M,High,Medium,High,C038_S02,2023-02-14,Counting,4,198.13,True,2,1,0.13,0.19,236.56,0.7,4,0.58,0.33,Visual,On-track
C038,49,M,High,Medium,High,C038_S03,2023-03-13,Reading,3,24.1,True,2,4,0.36,0.12,278.9,0.59,6,-0.2,0.85,Mixed,On-track
C038,49,M,High,Medium,High,C038_S04,2023-06-08,Drawing,3,25.25,True,0,1,0.94,0.89,81.3,0.67,3,0.83,0.88,Hands-on,On-track
C038,49,M,High,Medium,High,C038_S05,2023-05-21,Reading,1,160.9,False,2,1,0.59,0.02,46.73,0.94,6,-0.13,0.57,Visual,On-track
C038,49,M,High,Medium,High,C038_S06,2023-02-05,Reading,3,40.62,False,0,1,0.58,0.44,238.41,0.76,3,0.77,0.21,Visual,Advanced
C038,49,M,High,Medium,High,C038_S07,2023-05-15,Drawing,4,125.54,False,1,2,0.58,0.94,140.68,0.84,10,0.89,0.91,Hands-on,Advanced
C038,49,M,High,Medium,High,C038_S08,2023-01-05,Reading,1,35.32,False,1,2,0.85,0.29,80.4,0.7,5,0.12,0.43,Mixed,On-track
C038,49,M,High,Medium,High,C038_S09,2023-05-20,Reading,5,48.0,True,1,0,0.16,1.0,134.51,0.95,8,-0.04,0.59,Verbal,On-track
C038,49,M,High,Medium,High,C038_S10,2023-03-24,Reading,1,243.09,True,2,2,0.78,0.17,121.42,0.61,7,-0.2,0.87,Verbal,On-track
C038,49,M,High,Medium,High,C038_S11,2023-06-02,Drawing,3,213.91,True,2,1,0.88,0.21,135.46,0.66,5,0.53,0.22,Visual,Advanced
C038,49,M,High,Medium,High,C038_S12,2023-03-13,Puzzle,1,130.51,True,2,0,0.94,0.69,39.23,0.91,6,0.89,0.94,Mixed,On-track
C038,49,M,High,Medium,High,C038_S13,2023-04-02,Drawing,1,173.73,True,2,1,0.63,0.92,136.53,0.53,3,-0.42,0.64,Mixed,On-track
C038,49,M,High,Medium,High,C038_S14,2023-06-18,Drawing,5,30.1,True,2,1,0.8,0.36,228.73,0.76,8,-0.13,0.3,Verbal,Advanced
C038,49,M,High,Medium,High,C038_S15,2023-01-15,Drawing,1,273.61,True,4,1,0.3,0.95,288.81,0.86,6,-0.13,0.74,Hands-on,Advanced
C038,49,M,High,Medium,High,C038_S16,2023-04-10,Counting,5,263.0,True,0,2,0.58,0.4,283.49,0.8,7,0.46,0.48,Mixed,Advanced
C038,49,M,High,Medium,High,C038_S17,2023-02-14,Drawing,4,172.06,True,0,2,0.41,0.99,131.05,0.88,9,0.3,0.34,Visual,On-track
C038,49,M,High,Medium,High,C038_S18,2023-06-28,Counting,4,240.97,True,0,3,0.77,0.55,99.29,0.84,6,0.42,0.86,Mixed,On-track
C038,49,M,High,Medium,High,C038_S19,2023-06-29,Counting,1,65.9,True,0,1,0.8,0.1,267.92,0.65,5,0.84,0.69,Mixed,On-track
C038,49,M,High,Medium,High,C038_S20,2023-05-25,Drawing,3,77.03,True,0,4,0.27,0.69,47.79,0.73,5,0.49,0.34,Mixed,Advanced
C039,39,F,High,Medium,Low,C039_S01,2023-05-06,Puzzle,3,140.84,False,0,0,0.2,0.36,186.65,0.6,7,0.36,0.48,Visual,On-track
C039,39,F,High,Medium,Low,C039_S02,2023-02-26,Puzzle,2,161.67,True,0,0,0.45,0.67,156.87,0.69,2,0.61,0.31,Hands-on,On-track
C039,39,F,High,Medium,Low,C039_S03,2023-06-07,Drawing,2,175.27,True,0,0,0.69,0.49,66.96,0.97,6,0.62,0.38,Mixed,On-track
C039,39,F,High,Medium,Low,C039_S04,2023-02-15,Counting,5,30.28,True,1,3,0.3,0.83,211.06,0.95,3,0.03,0.69,Visual,On-track
C039,39,F,High,Medium,Low,C039_S05,2023-06-30,Drawing,1,196.23,False,0,5,0.69,0.66,138.98,0.66,5,0.38,0.38,Mixed,Advanced
C039,39,F,High,Medium,Low,C039_S06,2023-04-04,Puzzle,4,230.89,False,0,3,0.55,0.68,96.82,0.8,5,-0.4,0.33,Verbal,Advanced
C039,39,F,High,Medium,Low,C039_S07,2023-04-12,Puzzle,5,119.52,False,1,5,0.34,0.77,181.9,0.78,4,-0.82,0.32,Verbal,On-track
C039,39,F,High,Medium,Low,C039_S08,2023-02-10,Reading,2,72.09,True,1,1,0.32,0.38,250.89,0.96,5,-0.02,0.52,Mixed,Advanced
C039,39,F,High,Medium,Low,C039_S09,2023-06-16,Counting,1,298.58,True,1,3,0.83,0.21,109.05,0.6,7,0.81,0.21,Visual,Advanced
C039,39,F,High,Medium,Low,C039_S10,2023-06-27,Counting,3,132.69,True,1,11,0.16,0.81,287.24,0.68,4,0.93,0.74,Visual,On-track
C039,39,F,High,Medium,Low,C039_S11,2023-02-14,Reading,3,281.37,True,0,4,0.24,0.07,229.36,0.9,7,-0.29,0.34,Verbal,At-risk
C039,39,F,High,Medium,Low,C039_S12,2023-02-02,Drawing,5,281.48,False,2,5,0.85,0.7,216.67,0.66,7,-0.24,0.72,Hands-on,Advanced
C039,39,F,High,Medium,Low,C039_S13,2023-05-27,Reading,5,168.77,True,1,2,0.58,0.28,108.03,0.87,2,-0.03,0.74,Mixed,At-risk
C039,39,F,High,Medium,Low,C039_S14,2023-05-26,Puzzle,2,24.67,False,0,2,0.98,0.49,45.56,0.97,4,-0.46,0.58,Visual,On-track
C039,39,F,High,Medium,Low,C039_S15,2023-06-06,Drawing,4,108.08,True,0,1,0.99,0.02,75.11,0.99,4,0.34,0.98,Hands-on,On-track
C039,39,F,High,Medium,Low,C039_S16,2023-05-08,Drawing,1,72.08,True,1,5,0.75,0.21,241.23,0.57,8,0.39,0.77,Verbal,On-track
C039,39,F,High,Medium,Low,C039_S17,2023-03-30,Counting,1,216.82,True,3,2,0.39,0.14,179.31,0.64,5,-0.0,0.84,Visual,Advanced
C039,39,F,High,Medium,Low,C039_S18,2023-01-23,Counting,4,82.67,True,0,1,0.77,0.56,268.4,0.65,5,-0.36,0.75,Verbal,On-track
C039,39,F,High,Medium,Low,C039_S19,2023-03-05,Puzzle,2,139.17,True,1,0,0.7,0.91,154.36,0.52,5,0.91,0.92,Verbal,At-risk
C039,39,F,High,Medium,Low,C039_S20,2023-01-01,Puzzle,4,211.79,True,2,3,0.28,0.99,163.06,0.79,3,-0.54,0.94,Verbal,At-risk
C040,55,M,Medium,Medium,Moderate,C040_S01,2023-03-31,Reading,4,232.89,True,4,4,0.69,0.53,79.73,0.94,4,-0.23,0.28,Visual,On-track
C040,55,M,Medium,Medium,Moderate,C040_S02,2023-05-28,Drawing,2,12.08,True,0,4,0.78,0.62,154.14,0.6,5,0.18,0.91,Visual,On-track
C040,55,M,Medium,Medium,Moderate,C040_S03,2023-01-09,Counting,1,254.86,True,1,1,0.8,0.89,225.6,0.73,1,-0.25,0.57,Visual,On-track
C040,55,M,Medium,Medium,Moderate,C040_S04,2023-01-27,Puzzle,2,297.51,False,1,3,0.34,0.98,260.63,0.97,4,0.09,0.94,Verbal,Advanced
C040,55,M,Medium,Medium,Moderate,C040_S05,2023-02-11,Puzzle,2,130.58,True,0,4,0.12,0.81,162.61,0.65,1,-0.3,0.84,Hands-on,Advanced
C040,55,M,Medium,Medium,Moderate,C040_S06,2023-01-24,Counting,5,95.62,True,1,2,0.94,0.59,62.72,0.59,8,-0.04,0.24,Hands-on,At-risk
C040,55,M,Medium,Medium,Moderate,C040_S07,2023-05-04,Puzzle,4,227.88,False,1,1,0.36,0.21,137.07,0.56,4,-0.77,0.43,Verbal,At-risk
C040,55,M,Medium,Medium,Moderate,C040_S08,2023-06-05,Reading,4,95.95,True,1,1,0.18,0.04,174.67,0.85,9,-0.09,0.57,Visual,On-track
C040,55,M,Medium,Medium,Moderate,C040_S09,2023-02-22,Drawing,2,136.23,True,3,4,0.49,0.46,293.96,0.84,2,-0.81,0.87,Verbal,On-track
C040,55,M,Medium,Medium,Moderate,C040_S10,2023-05-19,Counting,4,134.47,False,0,4,0.23,0.03,94.0,0.89,5,-0.25,0.44,Hands-on,On-track
C040,55,M,Medium,Medium,Moderate,C040_S11,2023-01-25,Puzzle,3,183.2,True,2,1,0.52,0.94,135.81,0.7,7,-0.6,0.67,Verbal,On-track
C040,55,M,Medium,Medium,Moderate,C040_S12,2023-05-06,Drawing,3,230.32,True,2,2,0.71,0.53,52.46,0.64,6,-0.18,0.22,Visual,On-track
C040,55,M,Medium,Medium,Moderate,C040_S13,2023-01-23,Counting,2,135.42,True,0,2,0.95,0.1,260.81,0.5,3,0.48,0.52,Mixed,At-risk
C040,55,M,Medium,Medium,Moderate,C040_S14,2023-05-03,Drawing,3,232.58,True,1,3,0.78,0.78,279.13,0.69,5,-0.19,0.77,Visual,On-track
C040,55,M,Medium,Medium,Moderate,C040_S15,2023-06-13,Counting,4,214.42,True,1,2,0.18,0.42,196.85,0.83,9,0.4,0.92,Mixed,On-track
C040,55,M,Medium,Medium,Moderate,C040_S16,2023-01-30,Counting,3,200.5,True,1,1,0.75,0.91,123.68,0.55,5,0.47,0.51,Mixed,On-track
C040,55,M,Medium,Medium,Moderate,C040_S17,2023-06-19,Counting,4,104.2,True,0,2,0.36,0.94,216.53,0.61,7,0.4,0.22,Visual,On-track
C040,55,M,Medium,Medium,Moderate,C040_S18,2023-02-17,Counting,4,288.53,True,0,3,0.91,0.73,221.98,0.69,6,0.63,0.85,Mixed,On-track
C040,55,M,Medium,Medium,Moderate,C040_S19,2023-04-25,Puzzle,4,230.59,True,0,2,0.72,0.89,200.73,0.67,3,-0.07,0.68,Verbal,On-track
C040,55,M,Medium,Medium,Moderate,C040_S20,2023-02-27,Counting,5,23.19,True,2,1,0.7,0.16,274.12,0.62,3,-0.01,0.27,Hands-on,On-track
C041,49,M,Low,High,Moderate,C041_S01,2023-05-19,Reading,1,173.48,True,3,1,0.69,0.53,154.02,0.95,1,-0.85,0.38,Mixed,On-track
C041,49,M,Low,High,Moderate,C041_S02,2023-05-22,Puzzle,1,241.24,True,0,1,0.54,0.42,65.91,0.58,7,0.06,0.51,Mixed,Advanced
C041,49,M,Low,High,Moderate,C041_S03,2023-04-18,Reading,3,104.26,True,0,1,0.22,0.93,68.93,0.6,6,-0.47,0.66,Hands-on,On-track
C041,49,M,Low,High,Moderate,C041_S04,2023-03-18,Puzzle,5,189.56,True,0,1,0.6,0.3,107.69,0.99,2,-0.42,0.59,Verbal,Advanced
C041,49,M,Low,High,Moderate,C041_S05,2023-01-09,Drawing,2,17.41,True,0,1,0.33,0.88,147.73,0.64,4,0.36,0.59,Visual,At-risk
C041,49,M,Low,High,Moderate,C041_S06,2023-02-14,Drawing,5,284.99,True,0,1,0.83,0.76,160.79,0.77,4,0.34,0.49,Mixed,Advanced
C041,49,M,Low,High,Moderate,C041_S07,2023-02-02,Puzzle,1,151.39,True,2,4,0.85,0.18,72.98,0.83,9,-0.21,0.97,Verbal,Advanced
C041,49,M,Low,High,Moderate,C041_S08,2023-04-22,Drawing,4,281.96,True,2,1,0.1,0.47,37.91,0.99,2,0.04,0.5,Mixed,At-risk
C041,49,M,Low,High,Moderate,C041_S09,2023-06-02,Counting,1,186.41,True,0,2,0.85,0.62,40.11,0.91,3,0.31,0.73,Verbal,At-risk
C041,49,M,Low,High,Moderate,C041_S10,2023-01-18,Puzzle,3,83.51,False,1,4,0.83,0.58,135.45,0.55,4,0.84,0.32,Verbal,On-track
C041,49,M,Low,High,Moderate,C041_S11,2023-03-25,Counting,4,221.34,False,1,1,0.75,0.02,77.13,0.99,9,0.22,0.46,Hands-on,Advanced
C041,49,M,Low,High,Moderate,C041_S12,2023-01-04,Reading,3,34.63,True,1,3,0.43,0.13,68.89,0.95,7,0.74,0.63,Visual,On-track
C041,49,M,Low,High,Moderate,C041_S13,2023-05-26,Puzzle,2,265.12,False,1,3,0.59,0.02,240.2,0.66,3,-0.2,0.38,Mixed,On-track
C041,49,M,Low,High,Moderate,C041_S14,2023-01-26,Counting,4,200.09,True,1,2,0.97,0.81,33.8,0.95,6,0.3,0.43,Mixed,Advanced
C041,49,M,Low,High,Moderate,C041_S15,2023-04-16,Counting,5,26.52,True,1,2,0.51,0.19,271.41,0.98,7,0.13,0.44,Verbal,On-track
C041,49,M,Low,High,Moderate,C041_S16,2023-06-05,Reading,4,54.07,True,0,3,0.39,0.16,33.54,0.91,6,-0.56,0.86,Visual,On-track
C041,49,M,Low,High,Moderate,C041_S17,2023-02-06,Reading,4,91.83,True,1,1,0.92,0.45,105.72,0.57,6,0.86,0.7,Visual,Advanced
C041,49,M,Low,High,Moderate,C041_S18,2023-03-26,Drawing,4,271.25,True,1,3,0.21,0.56,77.66,0.81,5,0.78,0.29,Visual,On-track
C041,49,M,Low,High,Moderate,C041_S19,2023-03-10,Counting,2,197.2,True,4,2,0.95,0.14,273.81,0.54,2,0.44,0.42,Visual,Advanced
C041,49,M,Low,High,Moderate,C041_S20,2023-03-19,Counting,1,170.97,True,2,2,0.28,0.54,148.86,0.7,4,-0.81,0.39,Verbal,On-track
C042,52,M,Low,Low,Moderate,C042_S01,2023-04-24,Counting,4,298.91,True,0,0,0.75,0.44,242.44,0.96,7,0.47,0.94,Verbal,On-track
C042,52,M,Low,Low,Moderate,C042_S02,2023-06-15,Puzzle,5,88.77,True,0,5,0.73,0.59,200.91,0.9,9,-0.49,0.73,Visual,On-track
C042,52,M,Low,Low,Moderate,C042_S03,2023-04-15,Reading,1,200.28,True,1,2,0.36,0.15,129.52,0.71,3,-0.61,0.6,Mixed,Advanced
C042,52,M,Low,Low,Moderate,C042_S04,2023-01-15,Drawing,5,21.92,True,0,3,0.98,0.37,241.61,0.72,3,0.12,0.94,Visual,At-risk
C042,52,M,Low,Low,Moderate,C042_S05,2023-04-14,Drawing,5,197.59,False,0,2,0.1,0.73,232.96,0.87,3,0.12,0.3,Mixed,On-track
C042,52,M,Low,Low,Moderate,C042_S06,2023-05-26,Puzzle,2,203.04,True,2,2,0.19,0.79,252.77,0.52,6,-0.99,0.46,Visual,Advanced
C042,52,M,Low,Low,Moderate,C042_S07,2023-02-21,Puzzle,3,129.86,True,0,1,0.53,0.53,286.21,0.54,5,0.34,0.48,Visual,On-track
C042,52,M,Low,Low,Moderate,C042_S08,2023-04-03,Drawing,3,181.03,True,2,0,0.97,0.28,275.32,0.71,2,-0.32,0.44,Verbal,Advanced
C042,52,M,Low,Low,Moderate,C042_S09,2023-05-10,Reading,3,79.22,True,2,4,0.97,0.61,226.71,0.67,6,0.2,0.56,Hands-on,On-track
C042,52,M,Low,Low,Moderate,C042_S10,2023-01-08,Drawing,4,127.92,True,2,4,0.38,0.07,164.98,0.94,2,-0.1,0.33,Verbal,On-track
C042,52,M,Low,Low,Moderate,C042_S11,2023-02-15,Reading,3,128.5,False,0,0,0.81,0.07,296.9,0.84,3,0.68,0.34,Hands-on,On-track
C042,52,M,Low,Low,Moderate,C042_S12,2023-02-11,Counting,4,75.1,True,1,2,0.61,0.28,132.06,0.91,2,-0.15,0.63,Hands-on,At-risk
C042,52,M,Low,Low,Moderate,C042_S13,2023-03-14,Puzzle,2,112.65,True,0,0,0.44,0.74,70.51,0.75,4,0.16,0.96,Verbal,On-track
C042,52,M,Low,Low,Moderate,C042_S14,2023-05-27,Drawing,4,108.05,True,0,3,0.48,0.24,129.63,0.8,4,0.25,0.59,Mixed,At-risk
C042,52,M,Low,Low,Moderate,C042_S15,2023-06-23,Drawing,3,190.63,True,1,1,0.13,0.32,104.13,0.7,10,-0.97,0.98,Verbal,On-track
C042,52,M,Low,Low,Moderate,C042_S16,2023-01-06,Puzzle,2,187.85,False,0,3,0.57,0.99,44.75,0.75,2,-0.69,0.97,Verbal,On-track
C042,52,M,Low,Low,Moderate,C042_S17,2023-02-14,Puzzle,5,220.45,True,1,1,0.88,0.1,30.39,0.73,3,-0.21,1.0,Visual,At-risk
C042,52,M,Low,Low,Moderate,C042_S18,2023-03-20,Counting,1,269.8,True,0,3,0.55,0.7,176.6,0.83,5,-0.27,0.5,Verbal,On-track
C042,52,M,Low,Low,Moderate,C042_S19,2023-03-31,Reading,5,294.88,True,1,3,0.15,0.04,85.33,0.62,4,-0.06,0.91,Verbal,On-track
C042,52,M,Low,Low,Moderate,C042_S20,2023-06-23,Reading,1,130.02,True,0,1,0.61,0.7,211.9,0.63,4,-0.72,0.72,Hands-on,On-track
C043,71,F,High,High,High,C043_S01,2023-06-05,Counting,4,88.76,True,1,0,0.46,0.51,253.26,0.54,9,-0.72,0.46,Verbal,On-track
C043,71,F,High,High,High,C043_S02,2023-01-17,Counting,5,16.02,True,3,0,0.29,0.02,233.73,0.57,7,0.17,0.45,Mixed,At-risk
C043,71,F,High,High,High,C043_S03,2023-03-12,Counting,1,227.16,True,1,1,0.46,0.93,199.1,0.54,5,-0.02,0.77,Hands-on,Advanced
C043,71,F,High,High,High,C043_S04,2023-06-16,Counting,4,236.8,True,2,2,0.87,0.06,70.16,0.79,7,-0.01,0.93,Visual,On-track
C043,71,F,High,High,High,C043_S05,2023-03-03,Puzzle,3,278.77,True,0,3,0.31,0.63,278.73,0.59,8,-0.54,0.35,Mixed,Advanced
C043,71,F,High,High,High,C043_S06,2023-06-03,Reading,5,168.19,False,1,4,0.86,0.11,244.56,0.59,8,0.01,0.25,Hands-on,At-risk
C043,71,F,High,High,High,C043_S07,2023-01-07,Reading,5,163.22,False,0,1,0.78,0.56,261.11,0.95,8,-0.13,0.26,Mixed,On-track
C043,71,F,High,High,High,C043_S08,2023-04-18,Reading,3,115.36,True,1,4,0.5,0.09,191.85,0.64,3,0.17,0.25,Verbal,On-track
C043,71,F,High,High,High,C043_S09,2023-05-27,Drawing,4,239.55,False,3,0,0.71,0.69,274.58,0.69,2,-0.88,0.62,Verbal,At-risk
C043,71,F,High,High,High,C043_S10,2023-06-25,Reading,1,69.87,True,0,0,0.56,0.08,188.59,0.52,3,0.15,0.87,Mixed,At-risk
C043,71,F,High,High,High,C043_S11,2023-05-10,Counting,4,72.07,True,0,1,0.77,0.02,273.84,0.54,3,0.77,0.62,Mixed,Advanced
C043,71,F,High,High,High,C043_S12,2023-05-23,Drawing,1,270.15,True,4,0,0.84,0.28,150.44,0.66,5,-0.57,0.73,Verbal,On-track
C043,71,F,High,High,High,C043_S13,2023-03-08,Drawing,4,14.62,False,1,0,0.49,0.23,98.64,0.75,8,0.22,0.62,Mixed,Advanced
C043,71,F,High,High,High,C043_S14,2023-06-17,Puzzle,2,190.72,True,1,3,0.43,0.59,106.5,0.99,5,-0.94,0.92,Visual,On-track
C043,71,F,High,High,High,C043_S15,2023-03-20,Reading,3,159.41,True,0,2,0.66,0.79,270.19,0.73,6,-0.67,0.43,Mixed,On-track
C043,71,F,High,High,High,C043_S16,2023-03-08,Counting,2,118.76,True,0,2,0.98,0.44,285.95,0.57,12,0.24,0.26,Verbal,On-track
C043,71,F,High,High,High,C043_S17,2023-01-14,Puzzle,5,186.29,True,3,1,0.77,0.47,109.59,0.9,6,0.31,0.83,Verbal,On-track
C043,71,F,High,High,High,C043_S18,2023-01-31,Reading,4,286.7,False,0,0,0.37,0.28,270.29,0.98,3,-0.25,0.45,Hands-on,On-track
C043,71,F,High,High,High,C043_S19,2023-02-08,Drawing,2,201.75,True,0,6,0.44,0.93,223.09,0.96,5,-0.81,0.77,Mixed,On-track
C043,71,F,High,High,High,C043_S20,2023-05-26,Reading,4,122.28,True,1,1,0.64,0.8,194.93,0.59,5,-0.52,0.63,Visual,Advanced
C044,41,M,Low,Medium,Moderate,C044_S01,2023-06-11,Drawing,3,265.35,True,1,2,0.26,0.09,97.8,0.64,6,-0.96,0.99,Verbal,On-track
C044,41,M,Low,Medium,Moderate,C044_S02,2023-04-26,Counting,5,75.02,True,1,6,0.6,0.62,116.83,0.79,5,0.29,0.28,Visual,At-risk
C044,41,M,Low,Medium,Moderate,C044_S03,2023-05-28,Drawing,5,222.06,True,1,2,0.96,0.42,108.27,0.77,6,-0.73,0.43,Verbal,At-risk
C044,41,M,Low,Medium,Moderate,C044_S04,2023-01-23,Drawing,4,188.4,True,0,0,0.18,0.35,31.67,0.75,4,-0.44,0.2,Hands-on,At-risk
C044,41,M,Low,Medium,Moderate,C044_S05,2023-04-14,Reading,3,74.16,True,0,3,0.39,0.41,248.22,0.89,9,0.92,0.68,Mixed,On-track
C044,41,M,Low,Medium,Moderate,C044_S06,2023-01-10,Drawing,4,204.27,True,0,1,0.56,0.46,299.23,0.81,8,0.83,0.92,Hands-on,Advanced
C044,41,M,Low,Medium,Moderate,C044_S07,2023-03-24,Drawing,2,60.01,True,0,4,0.46,0.67,248.56,0.81,5,-1.0,0.95,Visual,On-track
C044,41,M,Low,Medium,Moderate,C044_S08,2023-03-05,Drawing,3,128.66,False,0,1,0.75,0.35,153.46,0.57,3,0.58,0.65,Hands-on,On-track
C044,41,M,Low,Medium,Moderate,C044_S09,2023-02-03,Puzzle,4,57.23,True,2,3,0.44,0.14,34.49,0.88,1,0.74,0.56,Verbal,On-track
C044,41,M,Low,Medium,Moderate,C044_S10,2023-02-12,Puzzle,3,112.87,True,2,1,0.61,0.8,171.9,0.55,9,-0.84,0.63,Mixed,On-track
C044,41,M,Low,Medium,Moderate,C044_S11,2023-03-16,Reading,1,69.9,True,1,3,0.51,0.1,120.49,0.75,5,0.67,0.6,Hands-on,On-track
C044,41,M,Low,Medium,Moderate,C044_S12,2023-03-28,Reading,2,122.16,False,0,2,0.48,0.49,261.22,0.76,5,-0.56,0.5,Mixed,Advanced
C044,41,M,Low,Medium,Moderate,C044_S13,2023-03-29,Reading,1,123.61,True,0,2,0.75,0.55,150.63,0.9,9,-0.88,0.27,Verbal,On-track
C044,41,M,Low,Medium,Moderate,C044_S14,2023-04-14,Puzzle,2,95.66,True,1,5,0.61,0.54,187.9,0.57,2,0.25,0.29,Visual,At-risk
C044,41,M,Low,Medium,Moderate,C044_S15,2023-02-03,Drawing,2,156.2,False,1,3,0.25,0.91,84.17,0.99,1,-0.6,0.21,Hands-on,On-track
C044,41,M,Low,Medium,Moderate,C044_S16,2023-02-13,Puzzle,1,189.19,True,0,3,0.61,0.49,203.29,0.59,8,0.49,0.59,Verbal,At-risk
C044,41,M,Low,Medium,Moderate,C044_S17,2023-01-10,Reading,5,65.44,True,4,1,0.11,0.68,102.54,0.91,6,0.0,0.48,Mixed,On-track
C044,41,M,Low,Medium,Moderate,C044_S18,2023-05-17,Puzzle,1,73.27,True,0,3,0.55,0.15,161.31,0.57,3,0.95,0.56,Hands-on,On-track
C044,41,M,Low,Medium,Moderate,C044_S19,2023-01-28,Puzzle,2,231.39,True,1,1,0.52,0.24,124.26,0.58,4,0.07,0.7,Visual,On-track
C044,41,M,Low,Medium,Moderate,C044_S20,2023-04-24,Reading,4,49.85,True,2,1,0.74,0.07,234.4,0.77,11,-0.04,0.45,Visual,On-track
C045,51,M,Low,High,High,C045_S01,2023-06-11,Puzzle,4,140.83,True,0,0,0.58,0.42,244.93,0.77,6,-0.72,0.31,Verbal,At-risk
C045,51,M,Low,High,High,C045_S02,2023-06-19,Counting,3,186.74,True,0,3,0.53,0.39,122.49,0.51,7,0.74,0.44,Hands-on,At-risk
C045,51,M,Low,High,High,C045_S03,2023-04-18,Puzzle,4,134.29,False,0,1,0.23,0.0,32.58,0.69,10,0.06,0.58,Hands-on,At-risk
C045,51,M,Low,High,High,C045_S04,2023-03-14,Puzzle,1,39.63,False,1,2,0.5,0.06,67.46,0.7,4,-0.62,0.79,Mixed,On-track
C045,51,M,Low,High,High,C045_S05,2023-06-05,Drawing,3,266.34,True,1,4,0.87,0.95,127.54,0.76,10,-0.21,0.79,Mixed,Advanced
C045,51,M,Low,High,High,C045_S06,2023-02-21,Counting,2,13.76,True,0,5,0.59,0.15,267.23,0.52,6,-0.84,0.56,Hands-on,On-track
C045,51,M,Low,High,High,C045_S07,2023-01-11,Reading,2,26.5,True,1,1,0.76,0.32,101.64,0.83,5,-0.68,0.83,Mixed,At-risk
C045,51,M,Low,High,High,C045_S08,2023-05-04,Counting,4,18.58,True,3,1,0.81,0.25,229.21,0.73,6,0.22,0.86,Visual,On-track
C045,51,M,Low,High,High,C045_S09,2023-01-23,Puzzle,3,285.7,True,0,4,0.68,0.56,201.2,0.94,6,-0.65,0.59,Mixed,At-risk
C045,51,M,Low,High,High,C045_S10,2023-02-08,Puzzle,2,69.47,True,0,1,0.23,0.05,266.83,0.51,4,-0.53,0.66,Mixed,On-track
C045,51,M,Low,High,High,C045_S11,2023-01-26,Counting,1,27.81,False,0,5,0.21,0.51,172.87,0.76,3,-0.77,0.66,Hands-on,On-track
C045,51,M,Low,High,High,C045_S12,2023-03-17,Counting,4,181.08,False,0,3,0.42,0.89,287.82,0.98,4,-0.96,0.9,Verbal,On-track
C045,51,M,Low,High,High,C045_S13,2023-02-14,Puzzle,4,174.67,False,2,1,0.24,0.4,284.51,0.67,4,0.98,0.39,Mixed,On-track
C045,51,M,Low,High,High,C045_S14,2023-06-23,Counting,3,165.54,True,0,1,0.32,0.61,273.11,0.65,5,0.08,0.69,Verbal,On-track
C045,51,M,Low,High,High,C045_S15,2023-01-12,Puzzle,1,129.58,True,1,2,0.61,0.8,199.93,0.89,3,0.89,0.78,Mixed,At-risk
C045,51,M,Low,High,High,C045_S16,2023-02-13,Counting,1,46.72,True,1,2,0.4,0.72,195.24,0.56,5,-0.38,0.22,Verbal,On-track
C045,51,M,Low,High,High,C045_S17,2023-06-09,Counting,3,84.97,True,1,1,0.83,0.26,186.69,0.67,8,-0.55,0.59,Mixed,On-track
C045,51,M,Low,High,High,C045_S18,2023-03-29,Drawing,5,291.61,True,0,1,0.93,0.26,179.32,0.59,5,-0.68,0.74,Visual,On-track
C045,51,M,Low,High,High,C045_S19,2023-04-27,Counting,4,273.34,False,2,0,0.5,0.65,250.16,0.63,6,0.91,0.49,Mixed,At-risk
C045,51,M,Low,High,High,C045_S20,2023-05-03,Reading,3,142.32,True,2,1,0.29,0.55,135.58,0.79,2,-0.9,0.69,Hands-on,At-risk
C046,44,M,Low,High,High,C046_S01,2023-01-16,Drawing,1,254.26,True,2,0,1.0,0.55,219.13,0.7,4,0.58,0.25,Visual,Advanced
C046,44,M,Low,High,High,C046_S02,2023-05-04,Reading,5,96.56,True,1,4,0.31,0.26,162.61,0.71,6,0.05,0.82,Visual,On-track
C046,44,M,Low,High,High,C046_S03,2023-04-02,Puzzle,1,112.72,True,2,1,0.88,0.52,133.99,0.53,3,0.86,0.52,Mixed,Advanced
C046,44,M,Low,High,High,C046_S04,2023-02-03,Reading,2,177.78,True,0,0,0.65,0.92,58.72,0.61,4,0.88,0.65,Mixed,On-track
C046,44,M,Low,High,High,C046_S05,2023-04-16,Reading,1,86.48,True,0,1,0.54,0.13,251.33,0.69,2,0.35,0.81,Visual,On-track
C046,44,M,Low,High,High,C046_S06,2023-03-22,Puzzle,4,289.69,False,1,3,0.47,0.57,145.6,0.63,5,-0.35,0.95,Hands-on,At-risk
C046,44,M,Low,High,High,C046_S07,2023-05-28,Drawing,2,102.23,True,0,1,0.54,0.47,50.99,0.63,3,-0.7,0.76,Mixed,At-risk
C046,44,M,Low,High,High,C046_S08,2023-03-28,Puzzle,3,166.34,True,1,3,0.75,0.19,229.41,0.74,4,0.74,0.21,Verbal,At-risk
C046,44,M,Low,High,High,C046_S09,2023-05-04,Counting,2,225.02,True,1,1,0.64,0.51,31.18,0.78,5,-0.01,0.7,Hands-on,At-risk
C046,44,M,Low,High,High,C046_S10,2023-02-08,Puzzle,3,165.65,True,0,2,0.91,0.3,55.95,0.62,9,-0.18,0.67,Visual,Advanced
C046,44,M,Low,High,High,C046_S11,2023-05-10,Reading,4,285.59,True,2,3,0.86,0.67,259.3,0.57,2,0.62,0.86,Mixed,Advanced
C046,44,M,Low,High,High,C046_S12,2023-01-20,Reading,4,203.55,False,1,1,0.9,0.87,299.44,0.79,9,0.69,0.69,Verbal,On-track
C046,44,M,Low,High,High,C046_S13,2023-03-13,Puzzle,5,284.41,True,1,2,0.48,0.91,124.26,0.88,9,-0.37,0.59,Hands-on,On-track
C046,44,M,Low,High,High,C046_S14,2023-04-07,Reading,3,216.23,True,2,2,0.13,0.85,67.14,0.94,7,0.28,0.2,Mixed,On-track
C046,44,M,Low,High,High,C046_S15,2023-04-24,Reading,4,160.03,True,2,3,0.23,0.04,47.03,0.97,3,0.67,0.6,Visual,On-track
C046,44,M,Low,High,High,C046_S16,2023-03-22,Puzzle,5,118.35,True,0,4,0.25,0.32,146.69,0.86,1,0.56,0.74,Mixed,At-risk
C046,44,M,Low,High,High,C046_S17,2023-01-05,Puzzle,5,225.02,True,4,1,0.16,0.43,216.27,0.78,7,-0.2,0.99,Verbal,On-track
C046,44,M,Low,High,High,C046_S18,2023-05-21,Puzzle,3,42.75,True,1,3,0.32,0.57,181.37,0.88,7,-0.36,0.66,Mixed,At-risk
C046,44,M,Low,High,High,C046_S19,2023-06-08,Counting,4,66.35,True,0,3,0.25,0.02,91.58,0.51,4,-0.2,0.37,Mixed,On-track
C046,44,M,Low,High,High,C046_S20,2023-06-17,Reading,5,222.84,True,1,1,0.77,0.32,58.27,0.86,3,0.19,0.49,Mixed,On-track
C047,42,M,Low,Medium,Moderate,C047_S01,2023-05-24,Reading,5,38.1,True,1,1,0.29,0.17,48.15,0.84,3,-0.39,0.81,Hands-on,On-track
C047,42,M,Low,Medium,Moderate,C047_S02,2023-04-26,Puzzle,5,172.37,False,1,1,0.61,0.13,286.49,0.93,4,-0.88,0.64,Visual,At-risk
C047,42,M,Low,Medium,Moderate,C047_S03,2023-01-01,Counting,3,110.38,True,2,0,0.53,0.86,179.03,0.52,7,0.32,0.25,Verbal,At-risk
C047,42,M,Low,Medium,Moderate,C047_S04,2023-03-16,Counting,4,14.08,True,2,1,0.18,0.53,269.85,0.76,4,-0.17,0.81,Hands-on,On-track
C047,42,M,Low,Medium,Moderate,C047_S05,2023-02-12,Reading,1,26.14,False,1,2,0.32,0.26,112.92,0.8,4,-0.27,0.55,Visual,At-risk
C047,42,M,Low,Medium,Moderate,C047_S06,2023-04-15,Puzzle,3,299.91,True,1,0,0.78,0.7,249.02,0.67,2,-0.4,0.84,Verbal,On-track
C047,42,M,Low,Medium,Moderate,C047_S07,2023-01-31,Reading,3,136.5,True,0,2,0.68,0.95,57.11,0.67,5,-0.77,0.8,Visual,Advanced
C047,42,M,Low,Medium,Moderate,C047_S08,2023-02-18,Counting,2,54.51,True,2,2,0.3,0.73,169.9,0.51,4,-0.59,0.82,Visual,On-track
C047,42,M,Low,Medium,Moderate,C047_S09,2023-06-12,Puzzle,3,223.51,True,0,2,0.2,0.6,131.37,0.68,2,0.14,0.99,Mixed,On-track
C047,42,M,Low,Medium,Moderate,C047_S10,2023-06-18,Drawing,4,257.81,True,1,1,0.87,0.59,52.58,0.9,2,-0.94,0.34,Mixed,On-track
C047,42,M,Low,Medium,Moderate,C047_S11,2023-01-13,Reading,1,175.67,True,2,2,0.44,0.13,284.0,0.88,0,0.53,0.79,Mixed,On-track
C047,42,M,Low,Medium,Moderate,C047_S12,2023-05-11,Drawing,1,185.96,True,1,2,0.75,0.14,118.83,0.72,4,-0.88,0.9,Hands-on,On-track
C047,42,M,Low,Medium,Moderate,C047_S13,2023-02-02,Puzzle,4,285.57,True,1,4,0.38,0.92,291.81,0.64,6,0.95,0.49,Verbal,At-risk
C047,42,M,Low,Medium,Moderate,C047_S14,2023-03-24,Reading,3,186.24,True,2,3,0.38,0.77,152.51,0.94,6,-0.74,0.3,Verbal,At-risk
C047,42,M,Low,Medium,Moderate,C047_S15,2023-06-27,Drawing,3,247.04,True,1,2,0.7,0.24,165.04,0.9,6,0.49,0.88,Verbal,Advanced
C047,42,M,Low,Medium,Moderate,C047_S16,2023-03-17,Reading,4,182.4,False,3,0,0.14,0.98,69.15,0.7,8,0.1,0.77,Mixed,On-track
C047,42,M,Low,Medium,Moderate,C047_S17,2023-06-04,Counting,4,206.67,True,2,4,0.99,0.11,189.36,0.84,5,0.76,0.8,Mixed,On-track
C047,42,M,Low,Medium,Moderate,C047_S18,2023-03-22,Drawing,5,199.15,True,0,1,0.75,0.16,219.57,0.85,3,0.4,0.29,Visual,At-risk
C047,42,M,Low,Medium,Moderate,C047_S19,2023-03-16,Counting,5,24.84,True,0,1,0.15,0.47,298.55,0.65,4,0.56,0.42,Mixed,On-track
C047,42,M,Low,Medium,Moderate,C047_S20,2023-06-16,Drawing,5,106.08,True,1,2,0.46,0.59,183.89,0.87,5,0.9,0.63,Hands-on,At-risk
C048,37,F,High,Low,Moderate,C048_S01,2023-05-24,Reading,4,190.97,True,2,0,0.29,0.98,226.15,0.96,7,0.67,0.88,Hands-on,Advanced
C048,37,F,High,Low,Moderate,C048_S02,2023-04-17,Counting,1,29.14,True,2,1,0.83,0.85,85.73,0.86,4,-0.19,0.32,Mixed,On-track
C048,37,F,High,Low,Moderate,C048_S03,2023-01-04,Puzzle,3,283.58,True,1,5,0.99,0.46,260.0,0.61,8,-0.77,0.29,Visual,On-track
C048,37,F,High,Low,Moderate,C048_S04,2023-06-21,Puzzle,4,25.63,True,2,0,0.33,0.85,237.13,0.67,0,0.11,0.39,Visual,At-risk
C048,37,F,High,Low,Moderate,C048_S05,2023-02-11,Counting,1,114.33,False,0,1,0.45,0.34,250.5,0.98,7,-0.97,0.4,Hands-on,On-track
C048,37,F,High,Low,Moderate,C048_S06,2023-01-16,Counting,5,278.56,True,2,1,0.18,0.22,165.96,0.92,9,-0.34,0.73,Visual,On-track
C048,37,F,High,Low,Moderate,C048_S07,2023-04-02,Reading,4,99.72,True,2,1,0.15,0.95,195.39,0.55,7,-0.37,0.41,Visual,Advanced
C048,37,F,High,Low,Moderate,C048_S08,2023-05-24,Drawing,5,63.75,True,0,1,0.82,0.79,287.2,0.96,4,0.65,0.33,Hands-on,On-track
C048,37,F,High,Low,Moderate,C048_S09,2023-03-02,Counting,1,38.92,True,2,6,0.2,0.58,216.82,0.95,9,-0.89,0.85,Hands-on,On-track
C048,37,F,High,Low,Moderate,C048_S10,2023-04-08,Reading,2,151.68,True,2,1,0.33,0.93,68.08,0.98,5,-0.47,0.25,Verbal,At-risk
C048,37,F,High,Low,Moderate,C048_S11,2023-06-25,Counting,1,268.1,True,0,3,0.46,0.95,97.41,0.97,10,-0.72,0.56,Mixed,On-track
C048,37,F,High,Low,Moderate,C048_S12,2023-03-06,Drawing,1,240.19,True,1,2,0.46,0.97,227.2,0.65,3,0.1,0.52,Hands-on,At-risk
C048,37,F,High,Low,Moderate,C048_S13,2023-04-24,Drawing,1,234.07,True,0,1,0.7,0.67,89.48,0.8,5,-0.8,0.41,Mixed,At-risk
C048,37,F,High,Low,Moderate,C048_S14,2023-06-15,Counting,2,28.61,False,1,2,0.79,0.82,211.4,0.75,3,0.9,0.37,Mixed,On-track
C048,37,F,High,Low,Moderate,C048_S15,2023-06-04,Drawing,2,81.54,True,1,4,0.49,0.09,113.12,0.95,6,0.63,0.64,Mixed,Advanced
C048,37,F,High,Low,Moderate,C048_S16,2023-03-17,Reading,5,154.87,True,0,3,0.5,0.68,55.69,0.71,6,0.94,0.3,Visual,At-risk
C048,37,F,High,Low,Moderate,C048_S17,2023-02-17,Drawing,5,179.65,True,1,1,0.89,0.34,261.21,0.85,4,0.84,0.51,Hands-on,On-track
C048,37,F,High,Low,Moderate,C048_S18,2023-01-11,Reading,1,155.43,True,2,3,0.1,0.87,252.05,0.56,6,-0.22,0.21,Verbal,On-track
C048,37,F,High,Low,Moderate,C048_S19,2023-02-11,Counting,5,162.84,False,0,1,0.45,0.8,134.37,0.6,1,0.52,0.56,Visual,On-track
C048,37,F,High,Low,Moderate,C048_S20,2023-02-09,Puzzle,4,207.86,True,0,3,0.11,0.29,32.49,0.62,2,0.79,0.67,Visual,On-track
C049,67,M,High,High,High,C049_S01,2023-03-19,Reading,4,14.36,True,1,5,0.14,0.74,128.08,0.61,10,0.48,0.42,Mixed,On-track
C049,67,M,High,High,High,C049_S02,2023-01-19,Counting,2,294.38,True,2,1,0.18,0.66,166.41,0.52,8,0.82,0.59,Hands-on,Advanced
C049,67,M,High,High,High,C049_S03,2023-05-14,Puzzle,2,41.28,True,2,3,0.2,0.9,243.97,0.88,2,-0.56,0.66,Mixed,On-track
C049,67,M,High,High,High,C049_S04,2023-05-20,Reading,4,98.33,True,1,3,0.55,0.35,292.32,0.71,6,-0.37,0.79,Visual,On-track
C049,67,M,High,High,High,C049_S05,2023-02-24,Counting,2,62.21,True,1,0,0.32,0.98,253.76,0.8,7,-0.39,0.69,Verbal,On-track
C049,67,M,High,High,High,C049_S06,2023-06-08,Reading,3,184.06,True,1,3,0.98,0.49,283.39,0.77,7,0.23,0.24,Mixed,Advanced
C049,67,M,High,High,High,C049_S07,2023-06-16,Puzzle,5,77.64,True,1,0,0.82,0.78,35.83,0.69,5,-0.63,0.5,Visual,On-track
C049,67,M,High,High,High,C049_S08,2023-03-03,Drawing,3,209.71,True,0,3,0.65,0.75,228.35,0.51,9,0.92,0.57,Mixed,At-risk
C049,67,M,High,High,High,C049_S09,2023-03-24,Reading,3,16.44,True,1,4,0.96,0.04,231.4,0.82,4,0.25,0.33,Mixed,Advanced
C049,67,M,High,High,High,C049_S10,2023-04-09,Counting,3,21.56,True,2,1,0.96,0.6,233.68,0.86,7,0.59,0.38,Hands-on,On-track
C049,67,M,High,High,High,C049_S11,2023-05-13,Counting,2,17.52,False,2,3,0.23,0.14,223.36,0.72,4,0.11,0.75,Hands-on,On-track
C049,67,M,High,High,High,C049_S12,2023-05-05,Puzzle,4,22.74,True,0,0,0.31,0.19,292.75,0.64,5,-0.35,0.43,Verbal,At-risk
C049,67,M,High,High,High,C049_S13,2023-03-24,Puzzle,4,289.99,True,2,2,0.76,0.74,299.07,0.9,8,0.99,0.41,Mixed,On-track
C049,67,M,High,High,High,C049_S14,2023-05-18,Puzzle,1,114.69,False,2,0,0.49,0.73,293.91,0.89,3,-0.89,0.88,Hands-on,On-track
C049,67,M,High,High,High,C049_S15,2023-06-11,Drawing,2,47.28,True,0,3,0.55,0.06,104.41,0.84,5,-0.14,0.68,Mixed,On-track
C049,67,M,High,High,High,C049_S16,2023-01-27,Drawing,3,196.91,False,1,1,0.62,0.68,299.25,0.52,2,0.64,0.88,Hands-on,At-risk
C049,67,M,High,High,High,C049_S17,2023-04-22,Puzzle,1,270.09,True,0,0,0.87,0.73,218.63,0.67,4,-0.92,0.79,Hands-on,On-track
C049,67,M,High,High,High,C049_S18,2023-04-28,Counting,4,144.54,True,1,2,0.82,0.56,254.65,0.5,5,0.72,0.92,Visual,On-track
C049,67,M,High,High,High,C049_S19,2023-02-15,Counting,1,244.53,False,1,0,0.68,0.4,183.17,0.62,4,0.75,0.62,Hands-on,On-track
C049,67,M,High,High,High,C049_S20,2023-02-28,Counting,2,109.22,True,0,2,0.48,0.28,274.11,0.59,7,-0.11,0.5,Verbal,On-track
C050,70,F,Medium,Medium,Low,C050_S01,2023-04-10,Puzzle,1,34.88,True,1,2,0.74,0.88,168.75,0.79,3,0.86,0.62,Hands-on,At-risk
C050,70,F,Medium,Medium,Low,C050_S02,2023-06-08,Puzzle,3,152.99,True,2,3,0.88,0.06,225.96,0.67,9,-0.26,0.23,Mixed,On-track
C050,70,F,Medium,Medium,Low,C050_S03,2023-06-29,Puzzle,1,167.74,False,3,3,0.27,0.16,189.05,0.57,7,0.06,0.32,Verbal,On-track
C050,70,F,Medium,Medium,Low,C050_S04,2023-03-16,Counting,3,299.78,True,1,4,0.38,0.12,113.74,0.72,2,0.26,0.69,Hands-on,On-track
C050,70,F,Medium,Medium,Low,C050_S05,2023-04-23,Reading,1,73.87,True,2,3,0.36,0.93,179.01,0.9,3,0.02,0.59,Verbal,At-risk
C050,70,F,Medium,Medium,Low,C050_S06,2023-05-02,Drawing,3,133.89,True,1,0,0.2,0.38,44.4,0.57,5,0.3,0.23,Hands-on,On-track
C050,70,F,Medium,Medium,Low,C050_S07,2023-04-11,Counting,4,211.33,True,1,1,0.23,0.19,118.62,0.95,4,0.96,0.88,Mixed,On-track
C050,70,F,Medium,Medium,Low,C050_S08,2023-06-23,Counting,4,208.21,True,0,1,0.15,0.86,43.46,0.54,5,-0.33,0.79,Mixed,On-track
C050,70,F,Medium,Medium,Low,C050_S09,2023-05-23,Drawing,2,55.17,True,0,3,0.75,0.69,85.21,0.53,8,-0.84,0.22,Visual,On-track
C050,70,F,Medium,Medium,Low,C050_S10,2023-06-02,Reading,1,149.54,False,1,1,0.82,0.29,168.38,0.8,8,-0.28,0.49,Hands-on,Advanced
C050,70,F,Medium,Medium,Low,C050_S11,2023-03-20,Drawing,2,48.44,True,0,2,0.54,0.69,286.92,0.56,6,0.07,0.75,Hands-on,Advanced
C050,70,F,Medium,Medium,Low,C050_S12,2023-03-30,Drawing,3,260.28,False,2,0,0.44,0.6,199.88,0.74,6,-0.59,0.54,Verbal,At-risk
C050,70,F,Medium,Medium,Low,C050_S13,2023-05-12,Drawing,2,15.39,False,1,2,0.55,0.46,140.76,0.92,2,-0.91,0.53,Visual,On-track
C050,70,F,Medium,Medium,Low,C050_S14,2023-03-06,Drawing,1,197.48,True,0,3,0.66,0.98,145.25,0.7,3,-0.76,0.57,Visual,At-risk
C050,70,F,Medium,Medium,Low,C050_S15,2023-05-26,Puzzle,5,126.52,True,0,3,0.35,0.49,147.89,0.63,2,0.54,0.73,Mixed,Advanced
C050,70,F,Medium,Medium,Low,C050_S16,2023-05-21,Reading,3,222.16,True,0,2,0.54,0.59,97.78,0.58,4,-0.77,0.26,Hands-on,On-track
C050,70,F,Medium,Medium,Low,C050_S17,2023-06-21,Puzzle,1,33.4,False,0,1,0.63,0.59,163.33,0.66,5,-0.3,0.55,Verbal,On-track
C050,70,F,Medium,Medium,Low,C050_S18,2023-05-29,Reading,2,230.97,True,2,4,0.39,0.62,55.1,0.81,1,0.11,0.66,Mixed,On-track
C050,70,F,Medium,Medium,Low,C050_S19,2023-06-21,Drawing,1,197.81,False,1,1,0.57,0.6,200.73,0.87,4,0.49,0.61,Visual,At-risk
C050,70,F,Medium,Medium,Low,C050_S20,2023-02-19,Counting,1,171.31,True,2,1,0.73,0.44,97.32,0.84,4,-1.0,0.58,Verbal,On-track
C051,60,F,High,High,Low,C051_S01,2023-05-25,Counting,1,207.32,True,2,1,0.87,0.72,246.29,0.97,2,-0.2,0.7,Mixed,Advanced
C051,60,F,High,High,Low,C051_S02,2023-02-13,Puzzle,3,111.44,True,1,1,0.49,0.95,126.4,0.88,2,-0.59,0.31,Verbal,At-risk
C051,60,F,High,High,Low,C051_S03,2023-06-14,Reading,1,12.34,False,4,4,0.69,0.62,220.35,0.54,4,-0.27,0.59,Verbal,On-track
C051,60,F,High,High,Low,C051_S04,2023-06-23,Counting,3,217.06,True,0,2,0.84,0.31,102.87,0.95,2,0.6,0.86,Mixed,On-track
C051,60,F,High,High,Low,C051_S05,2023-04-02,Counting,4,225.96,True,2,1,0.22,0.06,53.66,0.72,6,-0.27,0.27,Verbal,On-track
C051,60,F,High,High,Low,C051_S06,2023-06-15,Puzzle,1,36.8,True,1,1,0.45,0.06,278.45,0.7,7,-0.45,0.85,Mixed,Advanced
C051,60,F,High,High,Low,C051_S07,2023-02-05,Drawing,4,217.6,False,0,1,0.62,0.98,252.2,0.72,4,0.04,0.96,Verbal,Advanced
C051,60,F,High,High,Low,C051_S08,2023-01-20,Puzzle,1,49.24,True,2,3,0.17,0.04,105.82,0.99,4,-0.39,0.89,Mixed,Advanced
C051,60,F,High,High,Low,C051_S09,2023-06-11,Puzzle,5,231.36,False,0,1,0.5,0.89,156.24,0.92,7,0.52,0.27,Mixed,On-track
C051,60,F,High,High,Low,C051_S10,2023-06-01,Drawing,1,271.3,False,0,1,0.26,0.73,79.82,0.67,6,-0.17,0.23,Mixed,On-track
C051,60,F,High,High,Low,C051_S11,2023-05-20,Reading,3,102.74,True,4,1,0.39,0.67,173.32,0.69,1,-0.56,0.29,Hands-on,On-track
C051,60,F,High,High,Low,C051_S12,2023-04-11,Drawing,2,173.78,True,2,2,0.35,1.0,56.87,0.75,9,0.31,0.92,Mixed,On-track
C051,60,F,High,High,Low,C051_S13,2023-03-16,Drawing,3,51.66,False,1,4,0.36,0.64,142.25,0.8,6,-0.17,0.83,Verbal,On-track
C051,60,F,High,High,Low,C051_S14,2023-04-12,Counting,3,92.93,True,2,1,0.11,0.29,129.74,0.78,4,0.3,0.29,Hands-on,At-risk
C051,60,F,High,High,Low,C051_S15,2023-06-07,Drawing,3,284.7,True,1,1,0.66,0.13,268.23,0.91,9,-0.84,0.49,Mixed,On-track
C051,60,F,High,High,Low,C051_S16,2023-02-10,Drawing,4,128.76,False,0,3,0.65,0.94,286.8,0.92,10,0.31,0.88,Hands-on,On-track
C051,60,F,High,High,Low,C051_S17,2023-02-07,Reading,2,278.2,True,2,0,0.31,0.63,100.17,0.6,7,-0.27,0.42,Mixed,On-track
C051,60,F,High,High,Low,C051_S18,2023-05-05,Drawing,2,124.94,True,0,4,0.63,0.58,39.8,0.61,8,-0.71,0.86,Visual,On-track
C051,60,F,High,High,Low,C051_S19,2023-01-11,Drawing,5,24.89,True,2,2,0.82,0.95,46.21,0.7,6,-0.62,0.38,Hands-on,At-risk
C051,60,F,High,High,Low,C051_S20,2023-04-10,Reading,4,99.76,True,1,1,0.62,0.62,62.83,0.5,5,0.65,0.34,Mixed,Advanced
C052,67,M,High,Medium,Low,C052_S01,2023-06-30,Counting,5,104.93,False,1,0,0.21,0.88,255.87,0.65,7,0.62,0.51,Mixed,On-track
C052,67,M,High,Medium,Low,C052_S02,2023-05-20,Drawing,1,98.41,True,3,3,0.73,0.59,278.47,0.81,5,0.53,0.73,Verbal,On-track
C052,67,M,High,Medium,Low,C052_S03,2023-05-31,Puzzle,5,299.23,True,0,1,0.86,0.03,92.15,0.95,5,-0.16,0.87,Hands-on,On-track
C052,67,M,High,Medium,Low,C052_S04,2023-02-27,Reading,4,207.58,True,0,3,0.37,0.27,36.4,0.76,11,-0.73,0.49,Verbal,Advanced
C052,67,M,High,Medium,Low,C052_S05,2023-05-05,Reading,1,212.79,True,2,2,0.36,0.12,234.96,0.8,6,0.52,0.23,Mixed,On-track
C052,67,M,High,Medium,Low,C052_S06,2023-02-05,Reading,1,291.16,False,0,1,0.89,0.57,133.98,0.56,7,-0.08,0.86,Visual,On-track
C052,67,M,High,Medium,Low,C052_S07,2023-06-14,Counting,5,65.33,True,2,3,0.21,0.34,211.75,0.64,1,-0.09,0.65,Visual,On-track
C052,67,M,High,Medium,Low,C052_S08,2023-04-03,Puzzle,4,27.92,True,0,2,0.14,0.27,78.3,0.82,5,-0.54,0.91,Hands-on,On-track
C052,67,M,High,Medium,Low,C052_S09,2023-03-26,Puzzle,4,74.95,True,2,3,0.2,0.36,208.1,0.67,5,-0.28,0.57,Verbal,On-track
C052,67,M,High,Medium,Low,C052_S10,2023-02-23,Drawing,5,135.6,True,1,3,0.87,0.47,263.5,0.55,6,0.24,0.6,Hands-on,On-track
C052,67,M,High,Medium,Low,C052_S11,2023-03-04,Puzzle,3,87.64,True,1,1,0.23,0.51,278.91,0.93,7,-0.11,0.62,Visual,On-track
C052,67,M,High,Medium,Low,C052_S12,2023-02-04,Puzzle,2,144.33,False,3,2,0.86,0.93,94.24,0.92,8,-0.24,0.39,Mixed,On-track
C052,67,M,High,Medium,Low,C052_S13,2023-02-12,Counting,4,108.26,True,1,1,0.16,0.6,225.14,0.98,2,-0.42,0.55,Mixed,On-track
C052,67,M,High,Medium,Low,C052_S14,2023-04-14,Puzzle,4,40.43,True,1,3,0.13,0.52,157.2,0.65,7,0.99,0.62,Mixed,At-risk
C052,67,M,High,Medium,Low,C052_S15,2023-03-14,Puzzle,3,203.17,False,1,0,0.37,0.35,221.69,0.59,6,0.06,0.49,Visual,At-risk
C052,67,M,High,Medium,Low,C052_S16,2023-05-01,Reading,2,246.58,True,0,3,0.96,0.25,96.4,0.59,6,-0.41,0.92,Visual,Advanced
C052,67,M,High,Medium,Low,C052_S17,2023-06-03,Drawing,5,207.38,True,0,2,0.11,0.6,284.44,0.8,7,-0.1,0.91,Mixed,Advanced
C052,67,M,High,Medium,Low,C052_S18,2023-02-16,Counting,2,231.44,True,1,2,0.82,0.47,214.85,0.96,6,-0.61,0.32,Visual,At-risk
C052,67,M,High,Medium,Low,C052_S19,2023-04-27,Puzzle,5,52.38,False,1,3,0.21,0.29,294.15,0.72,6,0.86,0.96,Visual,On-track
C052,67,M,High,Medium,Low,C052_S20,2023-01-28,Puzzle,3,109.95,True,0,3,0.34,0.3,180.04,0.94,3,-0.17,0.81,Visual,Advanced
C053,66,F,Low,High,Low,C053_S01,2023-02-15,Reading,5,21.72,True,2,4,0.25,0.74,233.36,0.99,2,-0.63,0.62,Mixed,On-track
C053,66,F,Low,High,Low,C053_S02,2023-05-17,Puzzle,1,143.4,True,1,2,0.86,0.15,129.12,0.56,2,-0.2,0.58,Visual,At-risk
C053,66,F,Low,High,Low,C053_S03,2023-06-04,Puzzle,2,287.36,True,2,1,0.76,0.74,296.49,0.81,5,-0.3,0.83,Mixed,At-risk
C053,66,F,Low,High,Low,C053_S04,2023-06-16,Reading,5,272.82,True,2,3,0.49,0.52,56.11,0.87,5,0.92,0.37,Hands-on,On-track
C053,66,F,Low,High,Low,C053_S05,2023-01-12,Reading,3,185.25,True,1,2,0.34,0.94,33.45,0.86,4,0.46,0.77,Visual,Advanced
C053,66,F,Low,High,Low,C053_S06,2023-04-08,Counting,3,196.77,False,0,1,0.52,0.9,181.18,0.65,7,-0.83,0.58,Hands-on,At-risk
C053,66,F,Low,High,Low,C053_S07,2023-06-28,Puzzle,3,45.0,False,2,2,0.46,0.98,79.23,0.76,1,0.17,0.44,Verbal,On-track
C053,66,F,Low,High,Low,C053_S08,2023-03-01,Puzzle,2,26.7,True,2,2,0.88,0.05,241.19,0.81,9,-0.44,0.63,Verbal,Advanced
C053,66,F,Low,High,Low,C053_S09,2023-04-15,Counting,5,153.42,True,0,1,0.28,0.0,130.71,0.65,6,-0.77,0.4,Visual,At-risk
C053,66,F,Low,High,Low,C053_S10,2023-01-02,Puzzle,5,189.49,True,1,6,0.47,0.33,122.88,0.88,3,0.99,0.96,Hands-on,On-track
C053,66,F,Low,High,Low,C053_S11,2023-02-22,Counting,4,273.11,True,0,5,1.0,0.43,281.56,0.72,7,0.77,0.39,Verbal,On-track
C053,66,F,Low,High,Low,C053_S12,2023-04-20,Counting,1,158.18,True,1,1,0.39,0.93,112.09,0.97,6,0.84,0.36,Verbal,On-track
C053,66,F,Low,High,Low,C053_S13,2023-05-25,Counting,3,126.25,False,1,2,0.83,0.11,89.95,0.75,9,0.42,0.99,Hands-on,Advanced
C053,66,F,Low,High,Low,C053_S14,2023-04-12,Drawing,5,14.85,True,2,1,0.95,0.7,93.95,0.66,4,-0.43,0.7,Verbal,At-risk
C053,66,F,Low,High,Low,C053_S15,2023-05-04,Drawing,5,202.67,True,3,0,0.98,0.96,182.38,1.0,9,-0.83,0.73,Verbal,On-track
C053,66,F,Low,High,Low,C053_S16,2023-03-06,Counting,2,291.48,True,1,2,0.95,0.51,280.13,0.67,8,-0.26,0.28,Hands-on,At-risk
C053,66,F,Low,High,Low,C053_S17,2023-04-12,Drawing,3,173.3,True,1,1,0.11,0.01,119.3,0.86,6,-0.75,0.51,Mixed,At-risk
C053,66,F,Low,High,Low,C053_S18,2023-02-28,Reading,4,100.96,True,1,2,0.27,0.55,285.71,0.54,2,-0.2,0.86,Mixed,Advanced
C053,66,F,Low,High,Low,C053_S19,2023-01-26,Drawing,1,149.04,True,0,4,0.13,0.89,272.41,0.55,6,0.55,0.47,Hands-on,At-risk
C053,66,F,Low,High,Low,C053_S20,2023-05-21,Puzzle,2,157.4,True,1,6,0.78,0.96,36.31,0.77,8,-0.12,0.58,Visual,Advanced
C054,48,M,Low,Low,Moderate,C054_S01,2023-06-03,Reading,4,120.14,True,2,2,0.33,0.04,49.6,0.62,1,0.31,0.25,Visual,On-track
C054,48,M,Low,Low,Moderate,C054_S02,2023-04-05,Puzzle,1,192.08,True,2,2,0.92,0.58,48.8,0.79,1,-0.77,0.82,Hands-on,At-risk
C054,48,M,Low,Low,Moderate,C054_S03,2023-04-13,Counting,3,185.25,True,1,3,0.97,0.45,181.4,0.79,4,1.0,0.67,Hands-on,On-track
C054,48,M,Low,Low,Moderate,C054_S04,2023-02-14,Reading,5,132.64,False,0,2,0.56,0.8,254.77,0.92,5,-0.12,0.72,Verbal,On-track
C054,48,M,Low,Low,Moderate,C054_S05,2023-06-18,Counting,4,149.28,False,1,0,0.91,0.19,40.58,0.58,4,-0.0,0.47,Visual,At-risk
C054,48,M,Low,Low,Moderate,C054_S06,2023-05-11,Drawing,5,22.67,True,1,1,0.26,0.23,144.23,0.79,4,-0.02,0.46,Hands-on,At-risk
C054,48,M,Low,Low,Moderate,C054_S07,2023-04-03,Drawing,2,179.98,False,1,2,0.14,0.7,141.29,0.65,3,-0.39,0.33,Hands-on,Advanced
C054,48,M,Low,Low,Moderate,C054_S08,2023-01-23,Counting,4,13.39,True,1,2,0.83,0.19,265.37,0.88,2,0.19,0.89,Mixed,On-track
C054,48,M,Low,Low,Moderate,C054_S09,2023-04-12,Reading,2,145.13,True,0,3,0.57,0.26,131.15,0.97,5,-0.09,0.4,Hands-on,On-track
C054,48,M,Low,Low,Moderate,C054_S10,2023-06-30,Puzzle,4,18.26,True,1,1,0.38,0.27,45.97,0.88,6,0.6,0.82,Mixed,On-track
C054,48,M,Low,Low,Moderate,C054_S11,2023-05-24,Counting,1,112.18,True,2,1,0.81,0.01,64.34,0.77,3,0.02,0.98,Verbal,Advanced
C054,48,M,Low,Low,Moderate,C054_S12,2023-02-27,Drawing,4,118.09,False,1,1,0.74,0.97,175.12,0.75,4,0.1,0.68,Verbal,On-track
C054,48,M,Low,Low,Moderate,C054_S13,2023-01-02,Counting,3,87.33,True,0,0,0.65,0.79,239.66,0.89,2,-0.38,0.47,Visual,On-track
C054,48,M,Low,Low,Moderate,C054_S14,2023-05-24,Puzzle,5,105.67,True,1,2,0.47,0.5,249.92,0.91,4,0.9,0.86,Hands-on,On-track
C054,48,M,Low,Low,Moderate,C054_S15,2023-01-30,Counting,2,151.18,False,3,4,0.52,0.66,250.28,0.7,4,-0.5,0.93,Mixed,Advanced
C054,48,M,Low,Low,Moderate,C054_S16,2023-05-28,Counting,5,201.1,True,0,0,0.58,0.19,200.78,0.78,8,0.88,0.37,Hands-on,Advanced
C054,48,M,Low,Low,Moderate,C054_S17,2023-05-25,Reading,4,173.86,True,0,1,0.97,0.02,199.04,0.76,5,-0.72,0.42,Mixed,At-risk
C054,48,M,Low,Low,Moderate,C054_S18,2023-04-28,Reading,4,29.78,True,1,2,0.93,0.17,232.87,0.54,4,0.04,0.37,Mixed,Advanced
C054,48,M,Low,Low,Moderate,C054_S19,2023-05-04,Puzzle,2,134.39,True,3,2,0.89,0.98,96.55,0.97,7,0.14,0.84,Verbal,On-track
C054,48,M,Low,Low,Moderate,C054_S20,2023-02-26,Drawing,1,15.32,True,0,1,0.59,0.79,84.34,0.74,4,0.12,0.53,Mixed,On-track
C055,66,F,High,High,Low,C055_S01,2023-06-29,Counting,4,265.22,True,0,1,0.59,0.8,113.9,0.6,4,-0.4,0.92,Visual,On-track
C055,66,F,High,High,Low,C055_S02,2023-06-22,Counting,5,157.09,True,1,1,0.21,0.71,127.62,0.61,5,0.7,0.4,Visual,Advanced
C055,66,F,High,High,Low,C055_S03,2023-05-02,Counting,1,15.28,True,1,0,0.16,0.65,290.51,0.78,3,-0.45,0.56,Verbal,Advanced
C055,66,F,High,High,Low,C055_S04,2023-03-10,Drawing,1,50.29,True,3,5,0.76,0.23,145.59,0.94,2,-0.6,0.87,Mixed,At-risk
C055,66,F,High,High,Low,C055_S05,2023-02-18,Reading,1,10.72,False,0,4,0.85,0.17,130.51,0.8,3,0.73,0.23,Hands-on,On-track
C055,66,F,High,High,Low,C055_S06,2023-03-03,Counting,1,52.66,True,0,2,0.68,0.62,245.55,0.94,9,0.18,0.86,Visual,On-track
C055,66,F,High,High,Low,C055_S07,2023-03-05,Counting,4,242.07,False,0,2,0.43,0.83,237.92,0.99,5,-0.4,0.96,Visual,On-track
C055,66,F,High,High,Low,C055_S08,2023-01-21,Reading,3,61.66,True,0,2,0.74,0.1,150.66,0.97,6,0.96,0.96,Hands-on,At-risk
C055,66,F,High,High,Low,C055_S09,2023-05-19,Puzzle,4,141.7,False,0,2,0.65,0.1,271.74,0.79,8,-0.23,0.65,Mixed,On-track
C055,66,F,High,High,Low,C055_S10,2023-03-22,Reading,4,226.17,True,0,2,0.74,0.29,86.27,0.51,4,0.52,0.73,Mixed,Advanced
C055,66,F,High,High,Low,C055_S11,2023-05-28,Counting,4,193.75,True,3,3,0.34,0.07,32.34,0.58,6,0.97,0.88,Verbal,Advanced
C055,66,F,High,High,Low,C055_S12,2023-05-11,Counting,3,188.59,True,1,3,0.7,0.21,116.37,0.89,4,0.97,0.92,Verbal,At-risk
C055,66,F,High,High,Low,C055_S13,2023-02-02,Puzzle,4,206.22,True,0,3,0.42,0.89,51.98,0.73,5,-0.64,0.47,Hands-on,On-track
C055,66,F,High,High,Low,C055_S14,2023-05-19,Puzzle,1,289.17,True,0,3,0.28,0.97,169.67,0.95,5,0.55,0.8,Hands-on,On-track
C055,66,F,High,High,Low,C055_S15,2023-06-25,Drawing,5,72.71,True,1,1,0.35,0.47,293.11,0.94,3,0.44,0.57,Verbal,On-track
C055,66,F,High,High,Low,C055_S16,2023-05-13,Reading,5,185.62,False,0,2,0.98,0.77,115.27,0.81,3,-0.06,0.75,Verbal,On-track
C055,66,F,High,High,Low,C055_S17,2023-06-22,Drawing,2,17.9,True,1,2,0.5,0.1,100.37,0.52,4,0.68,0.82,Verbal,On-track
C055,66,F,High,High,Low,C055_S18,2023-04-03,Counting,1,100.13,True,2,3,0.28,0.98,204.23,0.68,3,-0.32,0.8,Visual,On-track
C055,66,F,High,High,Low,C055_S19,2023-03-10,Reading,4,62.9,True,0,6,0.74,0.42,210.69,0.56,4,0.85,0.76,Mixed,On-track
C055,66,F,High,High,Low,C055_S20,2023-02-17,Reading,1,83.95,True,2,3,0.83,0.35,223.96,0.69,6,-0.97,0.73,Verbal,On-track
C056,64,F,Medium,Medium,Moderate,C056_S01,2023-04-26,Drawing,4,28.46,True,0,3,0.39,0.31,127.94,1.0,8,-0.41,0.82,Hands-on,Advanced
C056,64,F,Medium,Medium,Moderate,C056_S02,2023-06-25,Drawing,5,40.16,True,0,2,0.36,0.87,258.71,0.95,4,-0.55,0.68,Mixed,At-risk
C056,64,F,Medium,Medium,Moderate,C056_S03,2023-03-02,Reading,1,278.68,True,2,1,0.64,0.69,156.48,0.55,5,0.06,0.65,Mixed,On-track
C056,64,F,Medium,Medium,Moderate,C056_S04,2023-02-08,Reading,3,191.91,True,1,2,0.96,0.06,295.62,0.93,3,-0.8,0.27,Mixed,On-track
C056,64,F,Medium,Medium,Moderate,C056_S05,2023-05-08,Drawing,1,156.77,True,0,2,0.26,0.24,179.0,0.97,4,0.02,0.3,Mixed,Advanced
C056,64,F,Medium,Medium,Moderate,C056_S06,2023-05-13,Counting,1,227.51,True,0,2,0.75,0.29,43.2,0.95,4,0.38,0.81,Mixed,On-track
C056,64,F,Medium,Medium,Moderate,C056_S07,2023-05-24,Puzzle,5,151.99,True,2,4,0.94,0.55,197.49,0.83,10,-0.14,0.39,Verbal,At-risk
C056,64,F,Medium,Medium,Moderate,C056_S08,2023-01-16,Drawing,5,290.23,True,3,5,0.32,0.95,66.51,0.6,7,0.4,0.73,Mixed,On-track
C056,64,F,Medium,Medium,Moderate,C056_S09,2023-06-11,Puzzle,3,130.13,True,0,4,0.79,0.01,158.8,0.9,9,-0.25,0.65,Verbal,On-track
C056,64,F,Medium,Medium,Moderate,C056_S10,2023-04-03,Counting,2,152.8,True,1,3,0.35,0.55,131.23,0.61,10,0.15,0.98,Hands-on,Advanced
C056,64,F,Medium,Medium,Moderate,C056_S11,2023-03-07,Counting,2,46.67,True,1,2,0.79,0.26,121.92,0.6,6,-0.27,0.3,Visual,On-track
C056,64,F,Medium,Medium,Moderate,C056_S12,2023-06-23,Drawing,5,218.29,True,3,2,0.1,0.87,118.14,0.71,7,0.25,0.56,Hands-on,At-risk
C056,64,F,Medium,Medium,Moderate,C056_S13,2023-05-18,Drawing,1,56.6,True,2,2,0.89,0.79,261.52,0.9,4,-0.37,0.89,Mixed,On-track
C056,64,F,Medium,Medium,Moderate,C056_S14,2023-03-25,Reading,3,161.44,True,0,3,0.93,0.97,272.55,0.66,6,-0.84,0.39,Mixed,On-track
C056,64,F,Medium,Medium,Moderate,C056_S15,2023-01-21,Reading,4,136.53,True,0,0,0.95,0.13,124.71,0.65,3,0.44,0.77,Hands-on,On-track
C056,64,F,Medium,Medium,Moderate,C056_S16,2023-02-07,Drawing,2,46.63,True,2,2,0.68,0.91,140.8,0.77,2,-0.43,0.25,Hands-on,Advanced
C056,64,F,Medium,Medium,Moderate,C056_S17,2023-04-18,Reading,2,46.57,True,1,2,0.24,0.54,113.06,0.74,3,-0.32,0.24,Mixed,On-track
C056,64,F,Medium,Medium,Moderate,C056_S18,2023-02-11,Counting,1,105.31,True,1,4,0.16,0.79,147.63,0.59,3,-0.57,0.52,Visual,On-track
C056,64,F,Medium,Medium,Moderate,C056_S19,2023-03-16,Counting,4,191.27,True,0,0,0.21,0.84,207.62,0.53,5,-0.72,0.79,Hands-on,On-track
C056,64,F,Medium,Medium,Moderate,C056_S20,2023-04-24,Counting,4,283.8,True,3,1,0.67,0.35,237.61,0.93,4,-0.63,0.92,Hands-on,On-track
C057,56,F,Medium,Low,Low,C057_S01,2023-01-06,Drawing,4,69.1,True,0,4,0.92,0.72,160.69,0.82,6,0.04,0.24,Hands-on,At-risk
C057,56,F,Medium,Low,Low,C057_S02,2023-06-29,Puzzle,1,231.17,False,1,0,0.73,0.55,205.72,0.91,8,0.99,0.74,Visual,On-track
C057,56,F,Medium,Low,Low,C057_S03,2023-01-25,Puzzle,5,172.35,True,2,5,0.86,0.5,64.39,0.56,5,0.59,0.59,Mixed,On-track
C057,56,F,Medium,Low,Low,C057_S04,2023-01-14,Puzzle,4,120.6,True,1,4,0.56,0.99,93.52,0.86,5,0.27,0.66,Mixed,On-track
C057,56,F,Medium,Low,Low,C057_S05,2023-01-22,Puzzle,5,188.39,True,0,2,0.47,0.77,294.62,0.98,7,-0.48,0.22,Verbal,On-track
C057,56,F,Medium,Low,Low,C057_S06,2023-06-17,Reading,1,276.21,True,0,2,0.92,0.27,197.03,0.53,6,-0.68,0.77,Verbal,On-track
C057,56,F,Medium,Low,Low,C057_S07,2023-03-14,Reading,3,37.31,False,1,5,0.32,0.88,272.73,0.73,4,0.32,0.39,Hands-on,On-track
C057,56,F,Medium,Low,Low,C057_S08,2023-02-13,Puzzle,3,224.96,True,1,2,0.32,0.06,69.59,0.57,5,-0.55,0.79,Visual,On-track
C057,56,F,Medium,Low,Low,C057_S09,2023-03-25,Reading,4,32.61,True,1,3,0.99,0.64,183.22,0.76,3,-0.96,0.24,Verbal,Advanced
C057,56,F,Medium,Low,Low,C057_S10,2023-03-11,Reading,2,248.0,False,1,1,0.4,0.32,217.55,0.79,6,0.6,0.29,Visual,Advanced
C057,56,F,Medium,Low,Low,C057_S11,2023-05-19,Drawing,1,211.9,False,1,3,0.63,0.27,283.26,0.83,6,0.54,0.97,Hands-on,On-track
C057,56,F,Medium,Low,Low,C057_S12,2023-06-12,Reading,2,197.95,True,3,1,0.49,0.68,80.56,0.84,4,0.88,0.77,Hands-on,At-risk
C057,56,F,Medium,Low,Low,C057_S13,2023-03-21,Counting,3,275.94,True,1,3,0.45,0.12,236.13,0.58,7,-0.21,0.3,Verbal,On-track
C057,56,F,Medium,Low,Low,C057_S14,2023-01-23,Reading,2,295.04,False,2,3,0.2,0.27,138.61,0.87,5,0.17,0.95,Verbal,On-track
C057,56,F,Medium,Low,Low,C057_S15,2023-02-09,Counting,2,297.48,True,3,4,0.84,0.65,105.65,0.9,8,0.09,0.42,Visual,On-track
C057,56,F,Medium,Low,Low,C057_S16,2023-02-04,Counting,5,284.58,True,0,0,0.93,0.85,161.26,0.81,6,0.9,0.96,Verbal,On-track
C057,56,F,Medium,Low,Low,C057_S17,2023-06-26,Reading,3,160.13,True,1,3,0.47,0.23,294.41,0.75,4,0.81,0.85,Mixed,On-track
C057,56,F,Medium,Low,Low,C057_S18,2023-01-03,Reading,2,74.78,True,1,1,0.38,0.38,163.23,0.51,4,0.13,0.52,Mixed,On-track
C057,56,F,Medium,Low,Low,C057_S19,2023-01-02,Counting,1,263.72,True,1,2,0.19,0.07,166.25,0.82,7,-0.2,0.8,Visual,Advanced
C057,56,F,Medium,Low,Low,C057_S20,2023-04-22,Reading,5,290.62,True,1,2,0.75,0.6,167.23,0.99,7,-0.27,0.36,Visual,At-risk
C058,51,F,Medium,Low,Moderate,C058_S01,2023-01-21,Reading,5,81.66,True,0,3,0.92,0.77,31.43,0.87,5,0.33,0.48,Hands-on,On-track
C058,51,F,Medium,Low,Moderate,C058_S02,2023-06-06,Counting,4,121.52,True,2,4,0.96,0.77,61.21,0.78,3,-0.36,0.31,Verbal,At-risk
C058,51,F,Medium,Low,Moderate,C058_S03,2023-03-10,Reading,1,217.42,True,2,2,0.32,0.22,178.18,0.95,2,-0.51,0.4,Visual,On-track
C058,51,F,Medium,Low,Moderate,C058_S04,2023-02-04,Counting,1,122.65,True,1,3,0.18,0.3,67.09,0.73,4,0.11,0.34,Visual,On-track
C058,51,F,Medium,Low,Moderate,C058_S05,2023-04-26,Counting,5,240.72,False,2,1,0.47,0.16,98.67,0.95,7,0.9,0.47,Hands-on,On-track
C058,51,F,Medium,Low,Moderate,C058_S06,2023-03-24,Puzzle,3,276.17,False,3,0,0.59,0.44,151.84,0.7,9,-0.47,0.3,Visual,Advanced
C058,51,F,Medium,Low,Moderate,C058_S07,2023-01-06,Drawing,2,85.93,True,4,1,0.86,0.91,152.01,0.5,2,0.61,0.61,Mixed,On-track
C058,51,F,Medium,Low,Moderate,C058_S08,2023-02-02,Reading,5,176.67,True,1,1,0.42,0.15,80.72,0.97,4,-0.06,0.65,Hands-on,On-track
C058,51,F,Medium,Low,Moderate,C058_S09,2023-02-08,Puzzle,2,210.03,True,1,3,0.77,0.78,137.31,0.69,3,-0.62,0.73,Verbal,On-track
C058,51,F,Medium,Low,Moderate,C058_S10,2023-03-21,Reading,5,69.66,True,0,0,0.82,0.54,72.35,0.74,3,-0.63,0.48,Mixed,On-track
C058,51,F,Medium,Low,Moderate,C058_S11,2023-01-09,Counting,5,60.39,True,1,0,0.36,0.26,80.28,0.66,4,0.34,0.66,Visual,At-risk
C058,51,F,Medium,Low,Moderate,C058_S12,2023-02-07,Puzzle,5,190.34,True,0,2,0.38,0.49,191.96,0.97,5,-0.03,0.29,Verbal,On-track
C058,51,F,Medium,Low,Moderate,C058_S13,2023-05-20,Reading,5,234.91,True,1,2,0.37,0.01,201.01,0.56,8,-0.19,0.47,Visual,Advanced
C058,51,F,Medium,Low,Moderate,C058_S14,2023-03-06,Reading,4,204.36,False,0,1,0.33,0.13,191.13,0.64,2,0.07,0.61,Mixed,On-track
C058,51,F,Medium,Low,Moderate,C058_S15,2023-03-05,Reading,5,153.9,True,1,0,0.89,0.94,196.84,0.94,3,-0.35,0.67,Mixed,On-track
C058,51,F,Medium,Low,Moderate,C058_S16,2023-01-09,Drawing,4,125.23,True,0,2,0.28,0.96,96.08,0.62,5,0.64,0.82,Verbal,At-risk
C058,51,F,Medium,Low,Moderate,C058_S17,2023-05-14,Drawing,1,181.02,True,0,0,0.83,0.62,81.57,0.7,7,0.42,0.81,Verbal,At-risk
C058,51,F,Medium,Low,Moderate,C058_S18,2023-03-21,Counting,4,253.6,True,0,2,0.47,0.65,51.2,0.67,4,-0.57,0.93,Visual,At-risk
C058,51,F,Medium,Low,Moderate,C058_S19,2023-05-21,Puzzle,2,229.12,True,1,2,0.19,0.3,280.19,0.71,6,0.57,0.55,Verbal,At-risk
C058,51,F,Medium,Low,Moderate,C058_S20,2023-02-20,Counting,3,198.83,True,0,1,0.44,0.76,222.7,0.83,0,-0.72,0.38,Mixed,Advanced
C059,70,M,Low,Low,High,C059_S01,2023-04-22,Counting,1,31.8,True,2,3,0.86,0.54,117.3,0.74,7,-0.28,0.92,Visual,At-risk
C059,70,M,Low,Low,High,C059_S02,2023-05-30,Puzzle,4,72.93,True,1,2,0.23,0.55,46.69,0.94,5,0.45,0.6,Verbal,On-track
C059,70,M,Low,Low,High,C059_S03,2023-01-11,Reading,4,12.62,True,0,1,0.35,0.63,88.96,0.82,1,0.57,0.71,Hands-on,On-track
C059,70,M,Low,Low,High,C059_S04,2023-01-23,Drawing,4,144.7,False,0,0,0.49,0.7,152.71,0.73,5,0.66,0.83,Visual,On-track
C059,70,M,Low,Low,High,C059_S05,2023-06-08,Counting,4,222.07,True,0,3,0.82,0.48,174.82,0.77,2,-0.21,0.59,Mixed,Advanced
C059,70,M,Low,Low,High,C059_S06,2023-06-10,Puzzle,3,36.61,True,3,0,0.27,0.97,178.36,0.59,9,-0.19,0.98,Visual,At-risk
C059,70,M,Low,Low,High,C059_S07,2023-06-29,Puzzle,5,81.94,True,0,2,0.95,0.04,237.17,0.74,5,0.05,0.31,Visual,On-track
C059,70,M,Low,Low,High,C059_S08,2023-05-23,Counting,3,58.63,True,1,4,0.37,0.74,155.0,0.8,3,0.24,0.88,Mixed,On-track
C059,70,M,Low,Low,High,C059_S09,2023-02-19,Puzzle,3,29.21,True,1,1,0.46,0.22,125.2,0.86,5,0.45,0.78,Hands-on,On-track
C059,70,M,Low,Low,High,C059_S10,2023-02-04,Counting,2,177.41,False,0,0,0.76,0.01,228.22,0.57,3,-0.73,1.0,Mixed,On-track
C059,70,M,Low,Low,High,C059_S11,2023-04-23,Counting,1,109.09,True,0,2,0.14,0.14,51.34,0.79,5,0.44,0.55,Hands-on,On-track
C059,70,M,Low,Low,High,C059_S12,2023-05-26,Drawing,4,201.89,True,2,2,0.92,0.32,291.27,0.55,4,-0.96,0.31,Hands-on,On-track
C059,70,M,Low,Low,High,C059_S13,2023-04-30,Counting,4,53.24,True,0,3,0.6,0.74,190.9,0.98,7,0.22,0.38,Mixed,On-track
C059,70,M,Low,Low,High,C059_S14,2023-05-22,Drawing,4,106.35,False,0,2,0.52,0.95,143.01,0.93,6,-0.49,0.42,Visual,On-track
C059,70,M,Low,Low,High,C059_S15,2023-03-17,Counting,4,91.11,True,2,2,0.68,0.06,223.59,0.55,5,-0.41,0.7,Hands-on,On-track
C059,70,M,Low,Low,High,C059_S16,2023-06-13,Reading,2,52.17,True,0,2,0.67,0.42,137.0,0.85,8,0.15,0.92,Hands-on,Advanced
C059,70,M,Low,Low,High,C059_S17,2023-06-08,Counting,4,234.71,True,0,1,0.51,0.97,203.27,0.58,2,-0.02,0.48,Mixed,On-track
C059,70,M,Low,Low,High,C059_S18,2023-01-17,Reading,1,299.08,True,0,3,0.31,0.01,35.63,0.81,2,0.42,0.32,Visual,At-risk
C059,70,M,Low,Low,High,C059_S19,2023-05-22,Drawing,1,267.37,False,0,2,0.68,0.99,204.63,0.56,11,0.5,0.92,Hands-on,On-track
C059,70,M,Low,Low,High,C059_S20,2023-06-14,Counting,2,141.22,True,2,2,0.39,0.65,69.67,0.67,9,-0.15,0.83,Visual,On-track
C060,42,M,Low,Low,Low,C060_S01,2023-01-09,Drawing,3,253.57,True,0,5,0.39,0.6,250.76,0.74,4,-0.23,0.28,Visual,On-track
C060,42,M,Low,Low,Low,C060_S02,2023-01-09,Reading,5,160.29,True,1,0,0.95,0.0,293.74,0.86,7,-0.59,0.36,Hands-on,On-track
C060,42,M,Low,Low,Low,C060_S03,2023-06-29,Counting,1,120.19,False,0,3,0.44,0.87,113.77,0.54,3,0.19,0.94,Visual,On-track
C060,42,M,Low,Low,Low,C060_S04,2023-01-19,Puzzle,5,273.65,True,1,3,0.66,0.05,133.25,0.7,5,0.26,0.85,Mixed,On-track
C060,42,M,Low,Low,Low,C060_S05,2023-05-06,Puzzle,1,69.44,False,2,0,0.43,0.5,87.09,0.59,8,-0.81,0.58,Verbal,At-risk
C060,42,M,Low,Low,Low,C060_S06,2023-04-03,Reading,1,273.19,False,3,1,0.4,0.64,172.27,0.77,7,0.35,0.35,Mixed,At-risk
C060,42,M,Low,Low,Low,C060_S07,2023-01-15,Counting,3,140.45,False,0,1,0.29,0.66,167.91,0.62,9,0.36,0.44,Hands-on,At-risk
C060,42,M,Low,Low,Low,C060_S08,2023-03-19,Puzzle,5,282.01,True,1,2,0.9,0.08,193.47,0.93,2,-0.49,0.65,Mixed,Advanced
C060,42,M,Low,Low,Low,C060_S09,2023-01-25,Puzzle,1,299.93,True,1,1,0.32,0.8,177.37,0.65,5,0.53,0.56,Hands-on,On-track
C060,42,M,Low,Low,Low,C060_S10,2023-02-18,Drawing,3,286.32,True,1,0,0.68,0.63,59.82,0.73,8,-0.3,0.74,Hands-on,On-track
C060,42,M,Low,Low,Low,C060_S11,2023-06-10,Drawing,4,180.43,True,1,4,0.2,0.83,254.03,0.97,8,0.49,0.46,Hands-on,On-track
C060,42,M,Low,Low,Low,C060_S12,2023-01-28,Counting,3,143.03,True,2,3,0.13,0.75,292.49,0.81,3,0.31,0.59,Hands-on,At-risk
C060,42,M,Low,Low,Low,C060_S13,2023-04-20,Puzzle,2,118.78,True,0,3,0.67,0.57,180.62,0.91,6,0.47,0.6,Visual,On-track
C060,42,M,Low,Low,Low,C060_S14,2023-04-13,Counting,4,168.01,False,1,3,0.87,0.3,284.07,0.64,5,-0.11,0.99,Hands-on,On-track
C060,42,M,Low,Low,Low,C060_S15,2023-06-03,Reading,3,280.62,False,1,1,0.56,0.12,111.46,0.65,0,-0.29,0.29,Mixed,Advanced
C060,42,M,Low,Low,Low,C060_S16,2023-05-21,Counting,1,67.0,False,0,3,0.44,0.13,236.79,0.96,9,0.92,0.95,Mixed,On-track
C060,42,M,Low,Low,Low,C060_S17,2023-06-12,Reading,2,63.24,False,1,1,0.14,0.31,46.18,0.62,6,0.75,0.47,Mixed,On-track
C060,42,M,Low,Low,Low,C060_S18,2023-03-03,Drawing,3,225.14,True,0,3,0.76,0.1,179.39,0.91,9,-0.38,0.37,Verbal,On-track
C060,42,M,Low,Low,Low,C060_S19,2023-03-07,Counting,5,65.79,False,0,3,0.45,0.31,190.59,0.67,4,-0.22,0.61,Mixed,On-track
C060,42,M,Low,Low,Low,C060_S20,2023-04-12,Puzzle,2,108.44,True,2,0,0.13,0.77,134.07,0.57,5,-0.36,0.5,Hands-on,Advanced
C061,67,M,High,Low,Moderate,C061_S01,2023-01-02,Counting,2,178.61,True,0,1,0.72,0.35,139.37,0.85,3,0.47,0.36,Mixed,On-track
C061,67,M,High,Low,Moderate,C061_S02,2023-03-22,Puzzle,4,251.18,True,1,2,0.95,0.82,292.5,0.59,1,0.45,0.72,Mixed,Advanced
C061,67,M,High,Low,Moderate,C061_S03,2023-03-12,Drawing,3,174.51,True,0,3,0.73,0.07,134.12,0.65,1,-0.21,0.36,Visual,On-track
C061,67,M,High,Low,Moderate,C061_S04,2023-02-09,Drawing,2,189.54,True,1,2,0.41,0.13,192.01,0.69,5,0.21,0.73,Verbal,Advanced
C061,67,M,High,Low,Moderate,C061_S05,2023-03-05,Drawing,5,279.92,True,1,1,0.39,0.98,53.09,0.86,1,0.0,0.33,Verbal,On-track
C061,67,M,High,Low,Moderate,C061_S06,2023-05-27,Reading,4,108.17,True,0,2,0.74,0.73,35.66,0.7,5,0.63,0.27,Hands-on,On-track
C061,67,M,High,Low,Moderate,C061_S07,2023-01-20,Counting,5,23.25,True,0,2,0.35,0.28,245.4,0.99,2,0.52,0.64,Mixed,On-track
C061,67,M,High,Low,Moderate,C061_S08,2023-06-26,Puzzle,1,12.24,True,2,2,0.66,0.73,241.94,0.82,8,0.68,0.62,Hands-on,On-track
C061,67,M,High,Low,Moderate,C061_S09,2023-05-28,Reading,2,93.8,True,0,4,0.17,0.35,229.12,0.83,4,-0.38,0.37,Visual,On-track
C061,67,M,High,Low,Moderate,C061_S10,2023-03-27,Counting,5,259.27,True,0,0,0.83,0.74,266.49,0.56,9,0.42,0.67,Mixed,On-track
C061,67,M,High,Low,Moderate,C061_S11,2023-01-31,Drawing,4,13.41,True,0,2,0.31,0.2,143.35,0.66,6,-0.73,0.3,Hands-on,Advanced
C061,67,M,High,Low,Moderate,C061_S12,2023-01-03,Reading,5,226.72,True,0,2,0.31,0.21,261.67,0.6,7,0.35,0.85,Visual,On-track
C061,67,M,High,Low,Moderate,C061_S13,2023-03-23,Drawing,3,26.92,True,2,1,0.76,0.75,205.79,0.87,3,0.89,0.6,Verbal,At-risk
C061,67,M,High,Low,Moderate,C061_S14,2023-02-09,Puzzle,2,219.19,True,2,1,0.24,0.62,47.77,0.82,7,-1.0,0.91,Hands-on,Advanced
C061,67,M,High,Low,Moderate,C061_S15,2023-04-25,Puzzle,4,199.33,True,1,4,0.41,0.37,215.11,0.66,4,0.8,0.44,Visual,On-track
C061,67,M,High,Low,Moderate,C061_S16,2023-04-11,Drawing,5,290.06,True,0,1,0.95,0.61,111.9,0.82,5,0.08,0.99,Visual,On-track
C061,67,M,High,Low,Moderate,C061_S17,2023-05-27,Puzzle,2,89.67,True,0,1,0.14,0.97,227.13,0.86,4,-0.4,1.0,Hands-on,On-track
C061,67,M,High,Low,Moderate,C061_S18,2023-04-13,Reading,1,22.34,True,0,2,0.63,0.76,119.68,0.79,6,0.09,0.27,Mixed,On-track
C061,67,M,High,Low,Moderate,C061_S19,2023-02-04,Reading,3,36.38,True,0,5,0.31,0.03,140.81,0.73,5,0.67,0.98,Hands-on,On-track
C061,67,M,High,Low,Moderate,C061_S20,2023-06-16,Drawing,4,253.94,True,2,0,0.97,0.43,209.66,0.77,3,0.96,0.79,Hands-on,Advanced
C062,39,M,Low,Low,Moderate,C062_S01,2023-04-21,Counting,3,187.3,True,1,4,0.9,0.57,193.72,0.58,9,-0.43,0.22,Hands-on,On-track
C062,39,M,Low,Low,Moderate,C062_S02,2023-01-29,Reading,2,125.94,True,0,3,0.96,0.65,152.97,0.73,6,0.43,0.66,Verbal,On-track
C062,39,M,Low,Low,Moderate,C062_S03,2023-03-24,Counting,2,266.02,True,0,1,0.7,0.9,206.16,0.74,4,0.47,0.83,Hands-on,On-track
C062,39,M,Low,Low,Moderate,C062_S04,2023-03-20,Drawing,1,56.56,True,1,1,0.49,0.75,153.88,0.58,2,0.17,0.69,Mixed,At-risk
C062,39,M,Low,Low,Moderate,C062_S05,2023-04-24,Drawing,3,140.66,True,0,0,0.79,0.3,140.6,0.78,5,0.17,0.59,Verbal,Advanced
C062,39,M,Low,Low,Moderate,C062_S06,2023-03-01,Drawing,5,292.07,True,1,1,0.18,0.53,231.64,0.71,5,0.29,0.29,Hands-on,On-track
C062,39,M,Low,Low,Moderate,C062_S07,2023-01-22,Puzzle,5,164.61,True,1,0,0.1,0.05,290.99,0.56,4,-0.45,0.95,Hands-on,On-track
C062,39,M,Low,Low,Moderate,C062_S08,2023-06-08,Drawing,4,78.66,True,2,2,0.7,0.46,286.12,0.59,3,0.6,0.33,Mixed,Advanced
C062,39,M,Low,Low,Moderate,C062_S09,2023-01-04,Counting,2,293.75,True,0,5,0.68,0.04,48.61,0.86,3,-0.91,0.77,Hands-on,On-track
C062,39,M,Low,Low,Moderate,C062_S10,2023-04-26,Reading,5,217.98,True,0,0,0.73,0.23,261.7,0.73,11,-0.99,0.31,Visual,On-track
C062,39,M,Low,Low,Moderate,C062_S11,2023-05-18,Drawing,3,271.48,False,0,6,0.33,0.76,110.8,0.9,8,0.46,0.83,Visual,On-track
C062,39,M,Low,Low,Moderate,C062_S12,2023-03-08,Reading,1,64.95,False,1,2,0.58,0.28,55.99,0.73,3,-0.94,0.3,Hands-on,Advanced
C062,39,M,Low,Low,Moderate,C062_S13,2023-06-27,Puzzle,5,36.71,True,2,3,0.76,0.55,276.41,0.79,6,0.39,0.85,Verbal,Advanced
C062,39,M,Low,Low,Moderate,C062_S14,2023-05-15,Puzzle,1,71.0,True,1,3,0.14,0.02,204.62,0.77,5,0.79,0.74,Verbal,On-track
C062,39,M,Low,Low,Moderate,C062_S15,2023-02-21,Counting,1,179.0,False,2,1,0.67,0.81,125.4,0.54,8,0.63,0.68,Visual,At-risk
C062,39,M,Low,Low,Moderate,C062_S16,2023-01-03,Puzzle,3,199.26,True,0,1,0.54,0.96,256.74,0.97,7,-0.71,0.97,Verbal,On-track
C062,39,M,Low,Low,Moderate,C062_S17,2023-06-18,Counting,3,259.16,True,2,3,0.53,0.73,198.38,0.86,8,0.54,0.55,Mixed,On-track
C062,39,M,Low,Low,Moderate,C062_S18,2023-06-16,Reading,4,22.16,True,1,3,0.73,0.86,84.71,0.68,4,-0.2,0.55,Visual,On-track
C062,39,M,Low,Low,Moderate,C062_S19,2023-01-26,Counting,2,196.17,True,1,2,0.16,0.38,128.9,0.74,7,-0.37,0.87,Verbal,On-track
C062,39,M,Low,Low,Moderate,C062_S20,2023-01-23,Drawing,4,226.33,True,0,3,0.91,0.45,153.05,0.76,8,-0.93,0.47,Visual,Advanced
C063,38,M,Low,Low,High,C063_S01,2023-03-20,Counting,5,27.92,False,0,2,0.53,0.19,283.1,0.51,4,-0.0,0.35,Verbal,At-risk
C063,38,M,Low,Low,High,C063_S02,2023-01-05,Counting,5,252.54,False,0,1,0.64,0.36,257.89,0.86,3,-0.64,0.34,Hands-on,On-track
C063,38,M,Low,Low,High,C063_S03,2023-03-19,Drawing,5,266.63,True,1,5,0.79,0.16,219.32,0.88,5,0.68,0.87,Mixed,Advanced
C063,38,M,Low,Low,High,C063_S04,2023-03-12,Puzzle,2,150.52,True,2,3,0.38,0.45,259.72,0.89,4,0.37,0.31,Hands-on,Advanced
C063,38,M,Low,Low,High,C063_S05,2023-01-08,Counting,3,197.91,False,0,6,0.75,0.63,245.0,0.72,4,-0.23,0.85,Visual,On-track
C063,38,M,Low,Low,High,C063_S06,2023-04-11,Drawing,5,12.84,True,0,3,0.72,0.85,288.99,0.59,3,0.68,0.29,Visual,On-track
C063,38,M,Low,Low,High,C063_S07,2023-06-23,Drawing,4,161.12,False,1,1,0.78,0.69,194.67,0.52,6,0.45,0.77,Verbal,On-track
C063,38,M,Low,Low,High,C063_S08,2023-04-20,Counting,1,68.17,False,0,2,0.83,0.41,174.25,0.98,5,0.56,0.74,Mixed,On-track
C063,38,M,Low,Low,High,C063_S09,2023-05-19,Drawing,3,212.5,True,1,3,0.28,0.27,148.79,0.72,4,0.46,0.58,Visual,On-track
C063,38,M,Low,Low,High,C063_S10,2023-05-19,Drawing,2,89.09,False,0,1,0.87,0.1,228.11,0.87,5,0.17,0.42,Mixed,On-track
C063,38,M,Low,Low,High,C063_S11,2023-06-30,Drawing,3,118.02,True,3,2,0.19,0.54,111.49,0.83,4,-0.95,0.63,Verbal,Advanced
C063,38,M,Low,Low,High,C063_S12,2023-02-07,Drawing,1,109.33,True,1,1,0.31,0.06,81.4,0.72,6,0.91,0.49,Verbal,On-track
C063,38,M,Low,Low,High,C063_S13,2023-01-31,Drawing,5,160.44,True,0,2,0.54,0.63,57.99,0.76,6,0.97,0.77,Verbal,Advanced
C063,38,M,Low,Low,High,C063_S14,2023-01-08,Counting,5,162.91,True,0,2,0.31,0.14,84.44,0.68,2,0.71,0.38,Mixed,On-track
C063,38,M,Low,Low,High,C063_S15,2023-04-16,Counting,1,12.45,False,2,1,0.22,0.4,183.62,0.78,1,0.6,0.78,Verbal,Advanced
C063,38,M,Low,Low,High,C063_S16,2023-06-13,Counting,2,148.66,True,2,2,0.63,0.95,178.25,0.73,4,-0.92,0.44,Visual,On-track
C063,38,M,Low,Low,High,C063_S17,2023-02-03,Drawing,4,263.31,False,1,2,0.73,0.01,214.28,0.92,9,-0.66,0.98,Visual,Advanced
C063,38,M,Low,Low,High,C063_S18,2023-06-07,Counting,2,21.08,False,0,1,0.95,0.2,111.73,0.75,6,-0.09,0.91,Hands-on,At-risk
C063,38,M,Low,Low,High,C063_S19,2023-06-02,Drawing,5,235.76,True,0,1,0.25,0.01,261.85,0.78,3,-0.45,0.88,Visual,On-track
C063,38,M,Low,Low,High,C063_S20,2023-01-21,Reading,4,176.61,True,1,3,0.86,0.92,174.95,0.61,3,0.45,0.94,Visual,Advanced
C064,46,F,High,High,Moderate,C064_S01,2023-02-17,Reading,2,67.04,True,3,3,0.17,0.34,110.79,0.84,6,0.58,0.49,Verbal,On-track
C064,46,F,High,High,Moderate,C064_S02,2023-02-19,Drawing,3,138.62,True,1,1,0.35,0.54,218.54,0.82,10,-0.86,0.32,Visual,At-risk
C064,46,F,High,High,Moderate,C064_S03,2023-01-04,Counting,4,53.82,False,0,3,0.96,0.1,242.73,0.76,5,1.0,0.69,Mixed,On-track
C064,46,F,High,High,Moderate,C064_S04,2023-06-21,Drawing,2,272.87,False,1,2,0.83,0.37,296.13,0.68,11,0.12,0.91,Mixed,On-track
C064,46,F,High,High,Moderate,C064_S05,2023-04-23,Reading,5,296.74,False,1,1,0.38,0.03,204.16,0.9,8,0.26,0.99,Hands-on,Advanced
C064,46,F,High,High,Moderate,C064_S06,2023-03-05,Reading,1,25.28,True,0,2,0.38,0.83,282.4,0.94,5,-0.04,0.96,Verbal,On-track
C064,46,F,High,High,Moderate,C064_S07,2023-04-08,Counting,4,20.35,True,1,1,0.9,0.38,222.76,0.83,5,-0.29,0.73,Verbal,Advanced
C064,46,F,High,High,Moderate,C064_S08,2023-05-27,Puzzle,5,163.28,False,3,3,0.71,0.4,60.83,0.86,4,-0.33,0.41,Hands-on,On-track
C064,46,F,High,High,Moderate,C064_S09,2023-01-11,Drawing,3,279.03,True,0,1,0.38,0.38,245.15,0.6,7,-0.75,0.59,Hands-on,On-track
C064,46,F,High,High,Moderate,C064_S10,2023-01-11,Reading,1,75.9,True,1,0,0.41,0.81,245.31,0.75,4,-0.05,0.47,Hands-on,At-risk
C064,46,F,High,High,Moderate,C064_S11,2023-01-13,Drawing,4,68.19,True,1,2,0.37,0.93,152.01,0.62,6,-0.62,0.75,Verbal,On-track
C064,46,F,High,High,Moderate,C064_S12,2023-03-19,Counting,1,154.26,True,0,0,0.48,0.94,165.2,0.82,5,-0.18,0.28,Verbal,On-track
C064,46,F,High,High,Moderate,C064_S13,2023-06-06,Puzzle,4,223.09,True,1,3,0.66,0.16,125.57,0.97,4,-0.29,0.32,Hands-on,Advanced
C064,46,F,High,High,Moderate,C064_S14,2023-04-29,Reading,3,19.62,True,0,1,0.38,0.44,127.2,0.82,7,-0.06,0.42,Visual,On-track
C064,46,F,High,High,Moderate,C064_S15,2023-02-16,Drawing,5,91.93,True,1,1,0.11,0.98,253.56,0.7,8,-0.75,0.4,Verbal,On-track
C064,46,F,High,High,Moderate,C064_S16,2023-01-07,Drawing,3,188.56,False,1,1,0.74,0.92,185.62,0.59,2,0.03,0.26,Verbal,Advanced
C064,46,F,High,High,Moderate,C064_S17,2023-02-21,Reading,3,51.58,True,0,0,0.23,0.71,38.16,0.54,8,0.34,0.41,Visual,On-track
C064,46,F,High,High,Moderate,C064_S18,2023-06-16,Drawing,3,244.47,True,1,2,0.31,0.31,213.31,0.94,4,0.11,0.46,Hands-on,On-track
C064,46,F,High,High,Moderate,C064_S19,2023-01-30,Reading,1,203.28,True,4,4,0.63,0.06,296.16,0.9,3,0.73,0.52,Hands-on,On-track
C064,46,F,High,High,Moderate,C064_S20,2023-04-09,Drawing,4,56.71,True,1,3,0.78,0.58,56.32,0.79,9,-0.28,0.62,Verbal,On-track
C065,63,M,Medium,High,High,C065_S01,2023-02-08,Drawing,3,199.57,True,1,2,0.47,0.93,182.94,0.95,3,0.87,0.31,Mixed,On-track
C065,63,M,Medium,High,High,C065_S02,2023-01-14,Reading,1,216.39,True,3,5,0.91,0.0,124.9,0.56,10,-0.65,0.35,Verbal,At-risk
C065,63,M,Medium,High,High,C065_S03,2023-04-25,Counting,3,252.45,False,0,2,0.48,0.42,235.19,0.92,4,0.05,0.89,Hands-on,On-track
C065,63,M,Medium,High,High,C065_S04,2023-02-03,Drawing,4,205.77,True,1,2,0.5,0.68,116.0,0.56,5,-0.11,0.71,Visual,At-risk
C065,63,M,Medium,High,High,C065_S05,2023-01-04,Reading,3,134.23,True,1,3,0.48,0.96,104.03,0.79,3,0.62,0.55,Verbal,On-track
C065,63,M,Medium,High,High,C065_S06,2023-01-02,Reading,2,213.55,True,0,4,0.32,0.21,137.15,0.93,3,0.26,0.37,Visual,On-track
C065,63,M,Medium,High,High,C065_S07,2023-05-02,Reading,2,225.63,False,0,1,0.4,0.04,188.35,0.7,2,-0.64,0.58,Verbal,On-track
C065,63,M,Medium,High,High,C065_S08,2023-06-03,Puzzle,4,85.46,False,2,0,0.91,0.89,59.89,0.9,5,-0.36,0.46,Visual,On-track
C065,63,M,Medium,High,High,C065_S09,2023-06-08,Drawing,1,196.23,True,3,1,0.36,0.99,249.87,0.97,7,-0.23,0.64,Visual,On-track
C065,63,M,Medium,High,High,C065_S10,2023-06-17,Counting,5,217.33,True,1,0,0.24,0.65,44.26,0.51,4,0.89,0.28,Visual,Advanced
C065,63,M,Medium,High,High,C065_S11,2023-06-20,Counting,1,236.03,True,0,2,0.37,0.47,59.18,0.56,6,-0.71,0.83,Verbal,On-track
C065,63,M,Medium,High,High,C065_S12,2023-01-28,Reading,1,239.19,True,0,2,0.59,0.98,249.48,0.95,1,-0.83,0.41,Mixed,On-track
C065,63,M,Medium,High,High,C065_S13,2023-03-14,Drawing,5,94.69,True,1,2,0.77,0.68,292.28,0.75,3,0.38,0.45,Mixed,At-risk
C065,63,M,Medium,High,High,C065_S14,2023-04-03,Puzzle,5,190.1,True,2,1,0.52,0.8,255.01,0.64,6,0.98,0.32,Visual,On-track
C065,63,M,Medium,High,High,C065_S15,2023-04-05,Reading,5,55.43,True,0,2,0.15,0.37,261.02,0.75,6,0.51,0.78,Mixed,At-risk
C065,63,M,Medium,High,High,C065_S16,2023-05-21,Puzzle,5,242.75,True,1,1,0.48,0.34,124.61,0.55,4,-0.17,0.45,Verbal,On-track
C065,63,M,Medium,High,High,C065_S17,2023-06-27,Counting,4,24.54,True,0,2,0.34,0.17,63.64,0.9,5,0.3,0.32,Verbal,On-track
C065,63,M,Medium,High,High,C065_S18,2023-02-23,Drawing,2,237.01,False,0,2,0.2,0.75,97.37,0.5,2,-0.33,0.42,Hands-on,On-track
C065,63,M,Medium,High,High,C065_S19,2023-06-11,Puzzle,3,27.34,False,1,2,0.42,0.44,253.17,0.67,4,0.79,0.37,Verbal,At-risk
C065,63,M,Medium,High,High,C065_S20,2023-06-30,Counting,4,248.49,True,0,3,0.74,0.67,186.46,0.93,4,-0.33,0.94,Verbal,Advanced
C066,62,F,High,High,High,C066_S01,2023-04-01,Drawing,3,260.92,True,2,2,0.41,0.64,94.75,0.61,8,-0.39,0.74,Hands-on,On-track
C066,62,F,High,High,High,C066_S02,2023-06-11,Reading,5,215.81,True,2,2,0.67,0.54,89.48,0.88,5,-0.21,0.25,Verbal,On-track
C066,62,F,High,High,High,C066_S03,2023-06-06,Drawing,1,139.84,True,0,3,0.56,0.77,192.04,0.51,6,-0.12,0.63,Hands-on,Advanced
C066,62,F,High,High,High,C066_S04,2023-01-01,Puzzle,4,149.15,True,3,3,1.0,0.87,177.55,0.78,1,0.61,0.23,Visual,At-risk
C066,62,F,High,High,High,C066_S05,2023-01-31,Drawing,2,233.13,True,1,3,0.51,0.66,109.92,0.66,5,-0.97,0.92,Mixed,Advanced
C066,62,F,High,High,High,C066_S06,2023-04-16,Puzzle,2,40.4,True,2,1,0.13,0.84,108.97,0.92,7,-0.98,0.64,Verbal,On-track
C066,62,F,High,High,High,C066_S07,2023-06-13,Drawing,4,168.75,True,1,0,0.67,0.1,130.75,0.71,4,0.22,0.78,Visual,On-track
C066,62,F,High,High,High,C066_S08,2023-03-14,Counting,4,97.36,False,4,2,0.94,0.47,66.3,0.71,8,-0.9,0.67,Mixed,On-track
C066,62,F,High,High,High,C066_S09,2023-05-10,Counting,2,130.68,True,0,1,0.77,0.38,286.17,0.71,9,-0.23,0.35,Mixed,On-track
C066,62,F,High,High,High,C066_S10,2023-03-27,Counting,2,236.2,False,4,2,0.79,0.96,185.92,0.74,5,0.53,0.51,Verbal,On-track
C066,62,F,High,High,High,C066_S11,2023-01-08,Drawing,2,14.26,True,0,0,0.47,0.84,69.15,0.78,5,0.26,0.67,Visual,Advanced
C066,62,F,High,High,High,C066_S12,2023-06-22,Reading,4,189.48,True,0,1,0.78,0.96,264.3,0.61,5,-0.49,0.28,Mixed,At-risk
C066,62,F,High,High,High,C066_S13,2023-06-15,Drawing,4,49.22,True,1,3,0.57,0.02,146.57,0.79,3,-0.3,0.98,Verbal,At-risk
C066,62,F,High,High,High,C066_S14,2023-05-18,Counting,5,12.65,True,0,2,0.77,0.06,115.97,0.78,6,0.71,0.65,Verbal,Advanced
C066,62,F,High,High,High,C066_S15,2023-01-15,Counting,3,16.18,True,2,0,0.82,0.81,62.54,0.65,8,-0.35,0.88,Hands-on,At-risk
C066,62,F,High,High,High,C066_S16,2023-05-23,Puzzle,2,206.67,True,1,2,0.97,0.84,181.83,0.95,4,0.29,0.85,Visual,At-risk
C066,62,F,High,High,High,C066_S17,2023-04-01,Puzzle,4,90.19,True,0,5,0.12,0.33,45.51,0.66,2,0.03,0.37,Mixed,On-track
C066,62,F,High,High,High,C066_S18,2023-01-08,Counting,3,181.21,True,3,1,0.63,0.4,163.97,0.58,8,-0.17,0.26,Mixed,At-risk
C066,62,F,High,High,High,C066_S19,2023-02-12,Reading,3,21.8,True,3,5,0.39,0.31,49.24,0.71,14,-0.7,0.57,Visual,On-track
C066,62,F,High,High,High,C066_S20,2023-03-20,Counting,3,277.19,True,0,3,0.51,0.61,252.01,0.59,4,0.59,0.46,Hands-on,On-track
C067,45,M,Medium,Low,Moderate,C067_S01,2023-04-26,Counting,2,213.72,True,1,2,0.91,0.68,204.99,0.53,6,0.77,0.26,Visual,On-track
C067,45,M,Medium,Low,Moderate,C067_S02,2023-01-29,Counting,4,280.73,True,1,2,0.53,0.04,98.27,0.53,4,0.26,0.76,Mixed,At-risk
C067,45,M,Medium,Low,Moderate,C067_S03,2023-01-24,Reading,4,232.81,False,0,2,0.34,0.54,71.58,0.91,1,-0.32,0.29,Hands-on,At-risk
C067,45,M,Medium,Low,Moderate,C067_S04,2023-05-09,Drawing,5,28.11,False,2,3,0.78,0.06,237.24,0.87,3,-1.0,0.37,Visual,Advanced
C067,45,M,Medium,Low,Moderate,C067_S05,2023-05-15,Counting,5,173.13,True,1,3,0.12,0.25,62.78,0.52,4,0.2,0.99,Mixed,On-track
C067,45,M,Medium,Low,Moderate,C067_S06,2023-01-26,Drawing,4,109.76,True,0,4,0.74,0.26,240.78,0.92,7,-0.21,0.29,Visual,On-track
C067,45,M,Medium,Low,Moderate,C067_S07,2023-04-10,Puzzle,2,256.9,True,2,3,0.26,0.2,275.12,0.97,4,0.89,0.34,Visual,Advanced
C067,45,M,Medium,Low,Moderate,C067_S08,2023-06-25,Puzzle,5,19.68,True,0,3,0.4,0.83,259.45,0.62,3,-0.1,0.35,Verbal,Advanced
C067,45,M,Medium,Low,Moderate,C067_S09,2023-01-27,Counting,2,214.17,True,1,1,0.76,0.38,53.36,0.89,4,0.19,0.22,Visual,At-risk
C067,45,M,Medium,Low,Moderate,C067_S10,2023-06-13,Drawing,4,213.64,True,0,3,0.95,0.39,111.31,0.52,2,0.22,0.24,Verbal,On-track
C067,45,M,Medium,Low,Moderate,C067_S11,2023-03-12,Counting,5,125.26,False,3,2,0.46,0.24,117.46,0.62,3,-0.1,0.83,Mixed,At-risk
C067,45,M,Medium,Low,Moderate,C067_S12,2023-03-11,Drawing,1,52.87,False,0,3,0.67,0.22,210.95,0.82,5,0.66,0.4,Visual,On-track
C067,45,M,Medium,Low,Moderate,C067_S13,2023-06-09,Puzzle,5,135.84,True,1,2,0.4,0.15,193.21,0.74,0,0.95,0.48,Visual,On-track
C067,45,M,Medium,Low,Moderate,C067_S14,2023-03-23,Counting,4,290.2,True,1,1,0.41,0.36,103.1,0.83,2,0.5,0.32,Visual,At-risk
C067,45,M,Medium,Low,Moderate,C067_S15,2023-03-14,Drawing,4,291.62,True,0,2,0.96,0.41,153.45,0.85,5,-0.24,0.3,Visual,On-track
C067,45,M,Medium,Low,Moderate,C067_S16,2023-03-28,Reading,2,162.65,True,0,2,0.7,0.59,205.26,0.98,8,-0.74,0.71,Visual,On-track
C067,45,M,Medium,Low,Moderate,C067_S17,2023-06-22,Puzzle,3,200.06,True,0,0,0.63,0.91,274.76,0.58,3,0.58,0.6,Visual,On-track
C067,45,M,Medium,Low,Moderate,C067_S18,2023-04-20,Reading,1,120.6,False,0,4,0.56,0.47,280.49,0.88,4,-0.88,0.74,Visual,On-track
C067,45,M,Medium,Low,Moderate,C067_S19,2023-06-01,Reading,3,261.75,True,0,1,0.48,0.62,265.63,0.73,5,0.78,0.82,Hands-on,On-track
C067,45,M,Medium,Low,Moderate,C067_S20,2023-02-20,Puzzle,4,62.02,False,0,3,0.34,0.1,263.59,0.65,7,-0.98,0.38,Mixed,At-risk
C068,51,F,High,Low,Low,C068_S01,2023-06-28,Reading,3,146.64,True,1,3,0.51,0.08,219.1,0.54,2,0.69,0.74,Visual,On-track
C068,51,F,High,Low,Low,C068_S02,2023-06-14,Reading,2,293.8,True,3,2,0.54,0.79,74.87,0.55,2,0.85,0.46,Verbal,Advanced
C068,51,F,High,Low,Low,C068_S03,2023-02-06,Counting,2,286.09,True,0,2,0.64,0.96,269.0,0.55,7,0.78,0.74,Mixed,On-track
C068,51,F,High,Low,Low,C068_S04,2023-06-29,Counting,1,133.32,True,0,4,0.49,0.74,296.08,0.52,3,1.0,0.36,Mixed,Advanced
C068,51,F,High,Low,Low,C068_S05,2023-04-27,Reading,5,65.14,False,0,2,0.15,0.66,125.78,0.96,5,-0.13,0.34,Visual,On-track
C068,51,F,High,Low,Low,C068_S06,2023-03-31,Reading,2,24.93,True,0,0,0.12,0.06,149.46,0.63,3,-0.16,0.45,Verbal,On-track
C068,51,F,High,Low,Low,C068_S07,2023-03-31,Drawing,4,139.13,True,2,1,0.78,0.14,162.61,0.71,7,0.42,0.68,Hands-on,On-track
C068,51,F,High,Low,Low,C068_S08,2023-01-28,Counting,2,21.52,True,0,1,0.76,0.37,279.76,0.51,7,0.46,0.72,Hands-on,On-track
C068,51,F,High,Low,Low,C068_S09,2023-03-19,Reading,5,134.7,True,0,2,0.67,0.78,235.47,0.69,5,-0.66,0.49,Verbal,On-track
C068,51,F,High,Low,Low,C068_S10,2023-06-08,Drawing,3,286.19,True,1,0,0.8,0.84,162.86,0.54,6,0.58,0.23,Hands-on,Advanced
C068,51,F,High,Low,Low,C068_S11,2023-04-09,Puzzle,4,50.21,True,2,2,0.36,0.49,80.52,0.73,4,0.1,0.98,Verbal,Advanced
C068,51,F,High,Low,Low,C068_S12,2023-06-01,Reading,5,149.04,True,1,2,0.83,0.03,207.34,0.54,5,0.62,0.25,Mixed,On-track
C068,51,F,High,Low,Low,C068_S13,2023-03-29,Drawing,3,279.4,True,1,6,0.97,0.98,63.24,0.95,7,-0.82,0.48,Visual,At-risk
C068,51,F,High,Low,Low,C068_S14,2023-05-27,Reading,2,202.85,True,0,3,0.79,0.59,94.66,0.5,6,-0.6,0.67,Visual,On-track
C068,51,F,High,Low,Low,C068_S15,2023-03-25,Puzzle,1,52.82,False,0,2,0.37,0.16,144.95,0.52,8,0.9,0.53,Mixed,On-track
C068,51,F,High,Low,Low,C068_S16,2023-04-14,Puzzle,3,32.56,True,1,2,0.32,0.43,119.49,0.79,10,-0.78,0.85,Hands-on,At-risk
C068,51,F,High,Low,Low,C068_S17,2023-06-02,Reading,2,247.89,True,0,2,0.45,0.18,101.49,0.85,3,-0.83,0.76,Verbal,At-risk
C068,51,F,High,Low,Low,C068_S18,2023-01-16,Puzzle,4,246.05,True,1,1,0.82,0.23,71.99,0.81,1,-0.79,0.2,Visual,On-track
C068,51,F,High,Low,Low,C068_S19,2023-05-29,Puzzle,2,282.03,True,0,3,0.11,0.36,71.17,0.9,6,0.18,0.91,Mixed,At-risk
C068,51,F,High,Low,Low,C068_S20,2023-04-26,Counting,4,181.55,True,2,3,0.36,0.05,205.83,0.55,5,-0.94,0.89,Verbal,On-track
C069,53,M,Low,High,Moderate,C069_S01,2023-03-18,Counting,3,119.75,True,2,0,0.88,0.03,275.97,0.65,6,-0.38,0.59,Mixed,Advanced
C069,53,M,Low,High,Moderate,C069_S02,2023-03-30,Puzzle,4,193.51,True,1,4,0.92,0.96,244.68,0.7,5,-0.31,0.35,Hands-on,At-risk
C069,53,M,Low,High,Moderate,C069_S03,2023-05-11,Reading,1,151.78,True,0,2,0.29,0.54,211.16,0.86,5,-0.9,0.52,Mixed,Advanced
C069,53,M,Low,High,Moderate,C069_S04,2023-01-16,Counting,4,255.88,True,2,2,0.55,0.44,67.3,0.75,5,0.85,0.86,Mixed,Advanced
C069,53,M,Low,High,Moderate,C069_S05,2023-01-01,Counting,1,74.16,True,1,4,0.56,0.06,95.0,0.89,7,0.03,0.56,Visual,On-track
C069,53,M,Low,High,Moderate,C069_S06,2023-01-08,Drawing,4,251.87,True,0,1,0.9,0.65,181.3,0.75,14,-0.33,0.81,Verbal,On-track
C069,53,M,Low,High,Moderate,C069_S07,2023-06-10,Counting,2,72.3,False,1,0,0.36,0.62,253.13,0.75,3,-0.51,0.39,Hands-on,On-track
C069,53,M,Low,High,Moderate,C069_S08,2023-04-22,Drawing,4,171.15,True,1,5,0.66,0.07,65.98,0.79,7,-0.39,0.41,Hands-on,On-track
C069,53,M,Low,High,Moderate,C069_S09,2023-02-18,Reading,3,240.14,True,0,1,0.97,0.26,143.43,0.6,4,0.47,0.2,Mixed,On-track
C069,53,M,Low,High,Moderate,C069_S10,2023-04-17,Drawing,5,193.45,True,0,2,0.6,0.02,117.5,0.88,5,-0.65,0.83,Verbal,Advanced
C069,53,M,Low,High,Moderate,C069_S11,2023-02-02,Drawing,5,103.28,True,1,1,0.89,0.52,72.63,0.89,4,0.67,0.58,Visual,At-risk
C069,53,M,Low,High,Moderate,C069_S12,2023-02-06,Reading,1,159.59,False,0,2,0.14,0.01,117.67,0.54,4,-0.73,0.46,Hands-on,Advanced
C069,53,M,Low,High,Moderate,C069_S13,2023-02-04,Puzzle,2,266.01,True,3,0,0.7,0.37,138.65,0.72,8,0.06,0.55,Visual,Advanced
C069,53,M,Low,High,Moderate,C069_S14,2023-04-27,Reading,1,110.39,True,0,3,0.63,0.78,114.35,0.51,3,-0.39,0.25,Hands-on,On-track
C069,53,M,Low,High,Moderate,C069_S15,2023-04-19,Reading,3,200.81,False,1,4,0.16,0.02,238.75,0.54,1,-0.39,0.57,Verbal,On-track
C069,53,M,Low,High,Moderate,C069_S16,2023-04-19,Puzzle,3,212.88,True,2,0,0.68,0.95,155.78,0.98,7,-0.73,0.22,Hands-on,Advanced
C069,53,M,Low,High,Moderate,C069_S17,2023-03-02,Counting,1,71.31,True,0,4,0.99,0.11,297.93,0.55,8,0.72,0.98,Verbal,On-track
C069,53,M,Low,High,Moderate,C069_S18,2023-04-04,Puzzle,5,240.94,True,0,4,0.27,0.26,173.96,0.64,6,-0.88,0.72,Mixed,On-track
C069,53,M,Low,High,Moderate,C069_S19,2023-06-30,Counting,1,191.01,False,0,0,0.84,0.38,205.79,0.87,9,-0.16,0.27,Visual,On-track
C069,53,M,Low,High,Moderate,C069_S20,2023-06-26,Puzzle,5,200.38,True,0,1,0.72,0.62,149.08,0.62,6,0.89,0.46,Visual,At-risk
C070,64,F,Medium,High,Low,C070_S01,2023-05-14,Puzzle,4,130.75,False,1,0,0.32,0.38,256.14,0.87,9,0.47,0.87,Visual,At-risk
C070,64,F,Medium,High,Low,C070_S02,2023-06-19,Puzzle,1,162.97,True,0,3,0.37,0.65,66.92,0.84,6,0.04,0.98,Hands-on,On-track
C070,64,F,Medium,High,Low,C070_S03,2023-05-29,Counting,1,101.73,True,1,6,0.79,0.2,256.89,0.98,3,0.54,0.76,Hands-on,Advanced
C070,64,F,Medium,High,Low,C070_S04,2023-05-17,Puzzle,3,60.75,True,1,5,0.98,0.03,172.36,0.65,2,-0.17,0.25,Verbal,On-track
C070,64,F,Medium,High,Low,C070_S05,2023-05-01,Counting,4,168.36,True,2,2,0.34,0.13,251.26,0.71,7,-0.22,0.61,Verbal,Advanced
C070,64,F,Medium,High,Low,C070_S06,2023-03-17,Counting,1,118.58,True,1,3,0.61,0.57,88.85,0.79,8,-0.12,0.22,Visual,At-risk
C070,64,F,Medium,High,Low,C070_S07,2023-06-02,Counting,1,185.16,False,0,1,0.94,0.35,132.53,0.73,4,-0.39,0.48,Hands-on,On-track
C070,64,F,Medium,High,Low,C070_S08,2023-01-16,Reading,4,178.2,True,2,2,0.49,0.77,166.02,0.82,4,-0.69,0.96,Hands-on,On-track
C070,64,F,Medium,High,Low,C070_S09,2023-06-18,Counting,1,190.47,True,2,1,0.73,0.22,293.59,0.66,4,0.87,0.45,Mixed,At-risk
C070,64,F,Medium,High,Low,C070_S10,2023-03-15,Reading,5,293.95,True,1,4,0.83,0.8,75.86,0.62,7,-0.81,0.94,Visual,On-track
C070,64,F,Medium,High,Low,C070_S11,2023-03-13,Counting,4,175.27,True,2,1,0.27,0.36,39.69,0.64,4,-0.36,0.53,Visual,On-track
C070,64,F,Medium,High,Low,C070_S12,2023-03-07,Puzzle,5,12.69,True,0,0,0.96,0.38,172.31,0.87,4,-0.25,0.81,Hands-on,At-risk
C070,64,F,Medium,High,Low,C070_S13,2023-06-01,Drawing,1,136.1,True,0,2,0.16,0.06,99.56,0.75,8,-0.13,0.7,Hands-on,On-track
C070,64,F,Medium,High,Low,C070_S14,2023-02-14,Counting,5,196.4,True,0,1,0.71,0.83,223.28,0.82,3,-0.26,0.53,Mixed,On-track
C070,64,F,Medium,High,Low,C070_S15,2023-02-16,Puzzle,3,93.89,True,1,3,0.12,0.14,59.71,0.87,3,-0.53,0.42,Verbal,On-track
C070,64,F,Medium,High,Low,C070_S16,2023-02-07,Drawing,1,189.2,True,0,2,0.85,0.9,252.68,0.57,11,0.63,0.53,Mixed,At-risk
C070,64,F,Medium,High,Low,C070_S17,2023-04-16,Reading,2,244.7,True,0,0,0.11,0.35,82.6,0.63,6,-0.74,0.93,Visual,On-track
C070,64,F,Medium,High,Low,C070_S18,2023-06-13,Drawing,4,265.27,False,0,1,0.85,0.86,172.55,0.55,4,-0.34,0.22,Visual,At-risk
C070,64,F,Medium,High,Low,C070_S19,2023-03-30,Puzzle,1,152.54,True,1,2,0.42,0.32,30.34,0.53,6,0.64,0.66,Hands-on,At-risk
C070,64,F,Medium,High,Low,C070_S20,2023-01-30,Puzzle,3,171.56,True,1,1,0.45,0.99,102.86,0.88,2,-0.05,0.22,Visual,On-track
C071,42,F,Medium,High,High,C071_S01,2023-03-01,Reading,3,180.09,True,3,1,0.45,0.51,285.41,0.76,4,0.74,0.34,Hands-on,On-track
C071,42,F,Medium,High,High,C071_S02,2023-03-09,Drawing,3,221.82,True,0,4,0.87,0.63,248.05,0.89,2,-0.81,0.39,Hands-on,On-track
C071,42,F,Medium,High,High,C071_S03,2023-03-15,Reading,4,192.19,True,0,1,0.97,0.51,132.62,0.58,4,0.38,0.27,Verbal,On-track
C071,42,F,Medium,High,High,C071_S04,2023-05-16,Puzzle,2,216.44,True,1,6,0.25,0.82,246.89,0.81,2,-0.16,0.59,Visual,On-track
C071,42,F,Medium,High,High,C071_S05,2023-04-01,Reading,2,41.53,True,1,4,0.6,0.23,201.8,0.97,3,-0.43,0.27,Hands-on,At-risk
C071,42,F,Medium,High,High,C071_S06,2023-03-11,Counting,5,215.42,True,0,1,0.19,0.36,110.82,0.82,5,-0.62,0.29,Verbal,Advanced
C071,42,F,Medium,High,High,C071_S07,2023-03-07,Reading,4,39.66,True,1,0,0.61,0.76,137.88,0.71,2,-0.77,0.67,Verbal,At-risk
C071,42,F,Medium,High,High,C071_S08,2023-03-03,Drawing,1,256.62,True,1,3,0.52,0.19,170.74,0.93,5,-0.65,0.68,Hands-on,At-risk
C071,42,F,Medium,High,High,C071_S09,2023-02-16,Counting,4,16.11,True,3,1,0.21,0.12,161.99,0.67,11,-0.03,0.63,Hands-on,At-risk
C071,42,F,Medium,High,High,C071_S10,2023-01-18,Puzzle,5,132.1,True,0,3,0.87,0.95,205.14,0.89,6,0.51,0.38,Verbal,On-track
C071,42,F,Medium,High,High,C071_S11,2023-06-25,Reading,4,100.28,True,0,2,0.83,0.28,39.31,0.55,6,0.89,0.46,Verbal,At-risk
C071,42,F,Medium,High,High,C071_S12,2023-03-06,Drawing,2,225.71,True,1,1,0.23,0.8,146.02,0.99,5,0.36,0.8,Visual,At-risk
C071,42,F,Medium,High,High,C071_S13,2023-01-15,Drawing,2,57.01,True,3,3,0.89,0.89,57.24,0.98,8,0.58,0.59,Mixed,At-risk
C071,42,F,Medium,High,High,C071_S14,2023-01-31,Puzzle,1,106.01,True,1,2,0.59,0.23,251.77,0.52,4,0.68,0.96,Mixed,On-track
C071,42,F,Medium,High,High,C071_S15,2023-06-18,Drawing,5,158.25,False,2,4,0.86,0.92,60.47,0.78,3,-0.77,0.92,Mixed,At-risk
C071,42,F,Medium,High,High,C071_S16,2023-03-06,Counting,1,55.22,True,0,1,0.44,0.14,174.41,0.69,5,-0.94,0.88,Verbal,Advanced
C071,42,F,Medium,High,High,C071_S17,2023-06-13,Reading,2,51.71,False,1,4,0.25,0.29,158.85,0.67,3,-0.28,0.34,Mixed,On-track
C071,42,F,Medium,High,High,C071_S18,2023-04-20,Counting,5,148.44,False,1,2,0.15,0.02,146.41,0.71,5,0.93,0.45,Verbal,At-risk
C071,42,F,Medium,High,High,C071_S19,2023-03-12,Puzzle,2,222.12,True,3,3,0.11,0.76,264.86,0.59,1,0.79,0.44,Verbal,On-track
C071,42,F,Medium,High,High,C071_S20,2023-01-16,Counting,2,102.77,True,2,2,0.27,0.01,141.23,0.95,5,0.03,0.67,Mixed,On-track
C072,60,F,Low,Medium,Low,C072_S01,2023-06-06,Reading,1,148.52,False,0,2,0.62,0.58,260.1,0.69,1,0.58,0.41,Visual,On-track
C072,60,F,Low,Medium,Low,C072_S02,2023-02-06,Reading,1,87.04,True,0,2,0.21,0.31,40.16,0.76,3,0.2,0.25,Visual,At-risk
C072,60,F,Low,Medium,Low,C072_S03,2023-04-24,Counting,4,97.73,True,1,1,0.36,0.21,175.94,0.73,4,0.55,0.49,Visual,On-track
C072,60,F,Low,Medium,Low,C072_S04,2023-05-27,Counting,3,160.3,True,2,1,0.84,0.84,99.6,0.98,6,-0.77,0.57,Mixed,On-track
C072,60,F,Low,Medium,Low,C072_S05,2023-05-08,Drawing,5,30.39,False,0,2,0.36,0.7,258.03,0.64,4,0.24,0.61,Hands-on,On-track
C072,60,F,Low,Medium,Low,C072_S06,2023-01-10,Reading,4,198.24,True,0,2,0.96,0.67,57.68,0.91,6,-0.49,0.51,Verbal,At-risk
C072,60,F,Low,Medium,Low,C072_S07,2023-04-11,Puzzle,1,195.68,True,2,1,0.89,0.29,138.93,0.9,4,-0.99,0.74,Hands-on,Advanced
C072,60,F,Low,Medium,Low,C072_S08,2023-05-06,Reading,5,82.05,True,2,0,0.99,0.62,285.54,0.55,5,-0.75,0.67,Verbal,Advanced
C072,60,F,Low,Medium,Low,C072_S09,2023-01-18,Drawing,2,241.66,True,0,0,0.82,0.27,44.32,0.72,7,-0.18,0.53,Visual,Advanced
C072,60,F,Low,Medium,Low,C072_S10,2023-05-04,Puzzle,1,69.22,True,0,2,0.67,0.95,92.26,0.5,4,-0.42,0.42,Hands-on,Advanced
C072,60,F,Low,Medium,Low,C072_S11,2023-04-02,Counting,3,137.8,False,0,1,0.22,0.27,152.81,0.97,5,-0.8,0.47,Hands-on,On-track
C072,60,F,Low,Medium,Low,C072_S12,2023-06-11,Puzzle,2,151.33,True,3,0,0.19,0.0,30.51,0.97,8,0.74,0.72,Verbal,Advanced
C072,60,F,Low,Medium,Low,C072_S13,2023-03-29,Puzzle,4,38.24,True,1,3,0.82,0.2,49.31,0.52,2,0.38,0.72,Mixed,At-risk
C072,60,F,Low,Medium,Low,C072_S14,2023-03-16,Drawing,2,112.32,False,1,1,0.4,1.0,90.44,0.85,6,0.15,0.45,Visual,On-track
C072,60,F,Low,Medium,Low,C072_S15,2023-04-09,Drawing,2,66.98,True,1,0,0.65,0.33,142.84,0.7,1,0.8,0.37,Verbal,On-track
C072,60,F,Low,Medium,Low,C072_S16,2023-01-28,Counting,2,249.76,True,2,2,0.52,0.65,194.32,0.54,3,0.54,0.53,Verbal,Advanced
C072,60,F,Low,Medium,Low,C072_S17,2023-04-23,Drawing,3,101.76,False,1,2,0.44,0.86,216.59,0.99,5,-0.19,0.32,Visual,On-track
C072,60,F,Low,Medium,Low,C072_S18,2023-06-01,Drawing,5,255.65,True,1,4,0.29,0.4,148.14,0.52,9,-0.18,0.85,Verbal,On-track
C072,60,F,Low,Medium,Low,C072_S19,2023-05-19,Counting,4,229.97,True,1,3,0.34,0.95,115.75,0.53,7,-0.7,0.66,Verbal,Advanced
C072,60,F,Low,Medium,Low,C072_S20,2023-04-26,Puzzle,5,251.01,True,1,3,0.82,0.93,115.02,0.51,5,-0.12,0.42,Visual,On-track
C073,70,M,Medium,Low,Low,C073_S01,2023-06-17,Reading,4,71.53,False,1,3,0.67,0.11,138.91,0.93,6,-0.83,0.95,Mixed,Advanced
C073,70,M,Medium,Low,Low,C073_S02,2023-05-18,Drawing,1,244.16,True,0,0,0.41,0.85,289.67,0.62,4,-0.45,0.92,Hands-on,On-track
C073,70,M,Medium,Low,Low,C073_S03,2023-01-19,Puzzle,4,32.18,True,1,4,0.82,0.1,201.8,0.85,5,-0.73,0.87,Hands-on,On-track
C073,70,M,Medium,Low,Low,C073_S04,2023-01-05,Reading,1,81.61,False,2,1,0.17,0.59,106.69,0.82,2,-0.26,0.24,Mixed,At-risk
C073,70,M,Medium,Low,Low,C073_S05,2023-03-04,Drawing,3,211.74,False,1,1,0.66,0.88,57.3,0.92,6,-0.83,0.37,Visual,At-risk
C073,70,M,Medium,Low,Low,C073_S06,2023-03-20,Puzzle,4,112.23,True,0,3,0.62,0.06,77.51,0.66,7,0.14,0.75,Verbal,On-track
C073,70,M,Medium,Low,Low,C073_S07,2023-06-01,Puzzle,3,166.87,True,4,0,0.85,0.06,85.52,0.77,7,0.33,0.3,Mixed,On-track
C073,70,M,Medium,Low,Low,C073_S08,2023-05-08,Drawing,1,208.23,True,2,0,0.79,0.69,246.26,0.63,3,0.74,0.63,Visual,On-track
C073,70,M,Medium,Low,Low,C073_S09,2023-03-28,Reading,4,71.8,True,0,2,0.61,0.37,166.56,0.81,4,-0.67,0.29,Verbal,Advanced
C073,70,M,Medium,Low,Low,C073_S10,2023-05-28,Drawing,2,97.14,False,1,2,0.53,0.45,244.94,0.61,5,0.11,0.24,Verbal,Advanced
C073,70,M,Medium,Low,Low,C073_S11,2023-02-24,Puzzle,3,295.59,True,1,4,0.43,0.38,288.08,0.7,5,0.27,0.54,Hands-on,On-track
C073,70,M,Medium,Low,Low,C073_S12,2023-01-31,Counting,3,204.43,True,0,2,0.52,0.43,127.21,0.89,9,0.65,0.87,Visual,On-track
C073,70,M,Medium,Low,Low,C073_S13,2023-06-28,Counting,5,91.18,True,0,3,0.62,0.36,209.03,0.78,4,-0.67,0.6,Hands-on,On-track
C073,70,M,Medium,Low,Low,C073_S14,2023-05-29,Puzzle,3,23.0,True,2,2,0.84,0.68,157.27,0.96,5,-0.2,0.43,Visual,At-risk
C073,70,M,Medium,Low,Low,C073_S15,2023-06-11,Reading,2,269.05,True,0,2,0.48,0.53,98.07,0.99,7,-0.1,0.92,Mixed,On-track
C073,70,M,Medium,Low,Low,C073_S16,2023-05-05,Puzzle,4,138.77,True,1,3,0.92,0.27,269.75,0.6,7,-0.59,0.76,Visual,On-track
C073,70,M,Medium,Low,Low,C073_S17,2023-01-23,Counting,5,278.74,False,3,1,0.95,0.67,243.28,0.67,5,-0.65,0.47,Verbal,Advanced
C073,70,M,Medium,Low,Low,C073_S18,2023-05-02,Drawing,5,185.73,True,3,2,0.24,0.42,195.77,0.5,6,-0.42,0.77,Visual,At-risk
C073,70,M,Medium,Low,Low,C073_S19,2023-05-14,Reading,1,61.72,True,2,1,0.7,0.23,98.27,0.86,5,-0.83,0.82,Verbal,Advanced
C073,70,M,Medium,Low,Low,C073_S20,2023-06-06,Puzzle,5,188.05,False,2,3,0.22,0.52,48.78,0.59,5,-0.11,0.89,Hands-on,At-risk
C074,63,M,High,Medium,Moderate,C074_S01,2023-04-18,Puzzle,1,139.37,True,1,4,0.87,0.39,293.21,0.56,4,0.46,0.91,Hands-on,On-track
C074,63,M,High,Medium,Moderate,C074_S02,2023-05-16,Puzzle,3,109.57,True,3,3,0.48,0.88,70.58,0.94,4,-0.1,0.79,Hands-on,Advanced
C074,63,M,High,Medium,Moderate,C074_S03,2023-05-19,Drawing,4,220.75,True,1,3,0.47,0.53,240.62,0.83,4,-0.54,0.7,Verbal,At-risk
C074,63,M,High,Medium,Moderate,C074_S04,2023-02-23,Counting,4,19.35,True,1,2,0.37,0.25,151.04,0.87,5,0.33,0.79,Visual,On-track
C074,63,M,High,Medium,Moderate,C074_S05,2023-02-08,Reading,4,197.05,True,2,4,0.71,0.52,52.91,0.55,7,-0.11,0.45,Verbal,On-track
C074,63,M,High,Medium,Moderate,C074_S06,2023-01-12,Puzzle,1,264.26,True,0,2,0.84,0.72,216.11,0.77,4,-0.95,0.87,Hands-on,On-track
C074,63,M,High,Medium,Moderate,C074_S07,2023-04-22,Counting,3,65.78,True,0,0,0.77,0.26,63.54,0.85,2,0.89,0.51,Verbal,Advanced
C074,63,M,High,Medium,Moderate,C074_S08,2023-04-27,Puzzle,5,89.52,True,0,0,0.91,0.98,287.72,0.93,9,0.43,0.98,Visual,On-track
C074,63,M,High,Medium,Moderate,C074_S09,2023-05-18,Drawing,1,278.81,True,2,2,0.55,0.29,280.55,0.54,7,0.57,0.46,Visual,On-track
C074,63,M,High,Medium,Moderate,C074_S10,2023-05-12,Puzzle,4,113.7,True,2,1,0.17,0.6,81.05,0.53,3,-0.76,0.58,Visual,On-track
C074,63,M,High,Medium,Moderate,C074_S11,2023-04-24,Counting,5,157.66,False,0,2,0.22,0.1,281.67,0.59,6,-0.58,0.58,Verbal,At-risk
C074,63,M,High,Medium,Moderate,C074_S12,2023-03-25,Drawing,5,27.31,True,3,0,0.38,0.68,66.49,0.65,2,-0.82,0.53,Mixed,On-track
C074,63,M,High,Medium,Moderate,C074_S13,2023-01-26,Drawing,4,239.38,True,1,1,0.66,0.46,194.12,0.86,2,-0.63,0.6,Hands-on,Advanced
C074,63,M,High,Medium,Moderate,C074_S14,2023-04-07,Drawing,3,53.51,True,1,3,0.67,0.37,275.06,0.52,3,0.43,0.38,Visual,On-track
C074,63,M,High,Medium,Moderate,C074_S15,2023-01-14,Reading,5,162.7,True,0,4,0.62,0.84,51.01,0.95,8,0.87,0.25,Visual,Advanced
C074,63,M,High,Medium,Moderate,C074_S16,2023-04-27,Drawing,3,13.71,True,2,2,0.66,0.81,297.96,0.51,2,0.23,0.3,Verbal,On-track
C074,63,M,High,Medium,Moderate,C074_S17,2023-02-19,Counting,2,163.27,True,0,3,0.89,0.66,288.29,0.51,5,-0.29,0.48,Mixed,On-track
C074,63,M,High,Medium,Moderate,C074_S18,2023-02-02,Puzzle,5,84.77,True,3,2,0.77,0.44,145.78,0.61,9,0.69,0.53,Hands-on,On-track
C074,63,M,High,Medium,Moderate,C074_S19,2023-02-04,Puzzle,5,35.47,True,2,2,0.62,0.94,92.74,0.53,4,0.92,0.29,Mixed,On-track
C074,63,M,High,Medium,Moderate,C074_S20,2023-02-13,Counting,3,254.2,True,1,0,0.64,0.88,163.22,0.58,4,0.81,0.88,Visual,On-track
C075,63,M,High,High,Low,C075_S01,2023-05-28,Drawing,1,283.29,True,1,3,0.38,0.32,247.62,0.55,3,0.03,0.25,Visual,Advanced
C075,63,M,High,High,Low,C075_S02,2023-05-06,Drawing,2,147.2,True,0,3,0.36,0.55,184.47,0.82,6,-0.35,0.83,Hands-on,Advanced
C075,63,M,High,High,Low,C075_S03,2023-03-13,Puzzle,5,78.04,True,2,1,0.12,0.15,293.65,0.61,6,-0.23,0.55,Hands-on,At-risk
C075,63,M,High,High,Low,C075_S04,2023-03-05,Drawing,2,133.32,True,2,0,0.79,0.08,203.22,0.9,2,0.61,0.76,Verbal,On-track
C075,63,M,High,High,Low,C075_S05,2023-06-01,Drawing,2,115.15,True,0,1,0.14,0.34,70.7,0.82,2,0.59,0.2,Mixed,Advanced
C075,63,M,High,High,Low,C075_S06,2023-04-17,Puzzle,5,143.32,True,2,1,0.1,0.9,284.37,0.55,5,-0.33,0.41,Visual,On-track
C075,63,M,High,High,Low,C075_S07,2023-05-10,Puzzle,4,131.74,True,0,4,0.74,0.47,70.57,0.71,2,-0.43,0.46,Verbal,On-track
C075,63,M,High,High,Low,C075_S08,2023-06-28,Puzzle,1,14.2,False,3,3,0.69,0.86,227.61,0.61,9,0.6,0.81,Verbal,On-track
C075,63,M,High,High,Low,C075_S09,2023-05-23,Puzzle,3,233.18,True,1,3,0.87,0.89,191.36,0.75,2,-0.19,0.61,Hands-on,On-track
C075,63,M,High,High,Low,C075_S10,2023-02-25,Drawing,3,232.91,True,1,4,0.2,0.37,128.37,0.56,5,0.32,0.97,Verbal,On-track
C075,63,M,High,High,Low,C075_S11,2023-01-24,Puzzle,4,245.59,True,0,2,0.2,0.78,128.84,0.81,7,0.25,0.66,Verbal,On-track
C075,63,M,High,High,Low,C075_S12,2023-06-30,Reading,5,230.03,True,0,1,0.17,0.86,262.24,0.71,8,-0.46,0.64,Mixed,At-risk
C075,63,M,High,High,Low,C075_S13,2023-01-07,Reading,4,119.75,True,5,3,0.81,0.83,138.32,0.82,6,-0.89,0.37,Verbal,On-track
C075,63,M,High,High,Low,C075_S14,2023-06-30,Reading,5,82.28,True,0,1,0.95,0.39,202.73,0.71,2,0.77,0.8,Visual,Advanced
C075,63,M,High,High,Low,C075_S15,2023-06-10,Reading,5,60.85,True,1,3,0.15,0.8,199.04,0.96,4,1.0,0.52,Hands-on,On-track
C075,63,M,High,High,Low,C075_S16,2023-06-10,Puzzle,1,75.36,True,2,3,0.68,0.27,216.4,0.85,3,0.0,0.56,Verbal,At-risk
C075,63,M,High,High,Low,C075_S17,2023-05-16,Puzzle,2,270.18,True,1,4,0.69,1.0,69.68,0.87,5,-0.73,0.68,Verbal,At-risk
C075,63,M,High,High,Low,C075_S18,2023-06-28,Drawing,1,58.88,True,1,3,0.14,0.55,298.49,0.67,4,-0.07,0.73,Mixed,On-track
C075,63,M,High,High,Low,C075_S19,2023-03-27,Puzzle,4,169.06,False,0,3,0.14,0.31,96.72,0.71,2,0.29,0.73,Hands-on,Advanced
C075,63,M,High,High,Low,C075_S20,2023-04-04,Puzzle,5,75.99,True,0,5,0.61,0.71,232.76,0.59,2,-0.0,0.69,Visual,On-track
C076,56,M,Medium,Medium,Low,C076_S01,2023-06-15,Puzzle,1,105.93,True,1,2,0.56,0.05,116.73,0.81,10,0.34,0.79,Hands-on,At-risk
C076,56,M,Medium,Medium,Low,C076_S02,2023-02-05,Counting,2,277.1,True,4,1,0.38,0.13,71.78,0.65,3,-0.68,0.77,Visual,On-track
C076,56,M,Medium,Medium,Low,C076_S03,2023-05-03,Drawing,1,206.87,True,0,0,0.41,0.53,104.98,0.85,5,-0.52,0.37,Mixed,At-risk
C076,56,M,Medium,Medium,Low,C076_S04,2023-03-24,Counting,1,44.14,True,0,1,0.28,0.9,59.51,0.7,7,0.42,0.53,Mixed,On-track
C076,56,M,Medium,Medium,Low,C076_S05,2023-04-19,Counting,3,30.94,True,1,0,0.3,0.23,296.01,0.92,2,-0.79,0.76,Visual,On-track
C076,56,M,Medium,Medium,Low,C076_S06,2023-04-26,Reading,4,254.13,True,0,2,0.98,0.88,265.7,0.7,8,0.98,0.38,Hands-on,Advanced
C076,56,M,Medium,Medium,Low,C076_S07,2023-05-01,Counting,4,182.26,True,1,0,0.55,0.33,207.57,0.59,4,-0.69,0.68,Verbal,On-track
C076,56,M,Medium,Medium,Low,C076_S08,2023-06-22,Puzzle,4,247.0,False,1,3,0.23,0.36,48.31,0.62,2,0.54,0.34,Visual,Advanced
C076,56,M,Medium,Medium,Low,C076_S09,2023-01-23,Puzzle,2,123.81,False,2,3,0.46,0.84,186.03,0.92,4,0.87,0.58,Verbal,On-track
C076,56,M,Medium,Medium,Low,C076_S10,2023-01-20,Puzzle,3,126.57,False,0,1,0.55,0.35,217.78,0.59,8,0.64,0.54,Visual,On-track
C076,56,M,Medium,Medium,Low,C076_S11,2023-02-07,Reading,4,254.26,True,1,1,0.71,0.24,199.79,0.61,6,-0.07,0.41,Visual,On-track
C076,56,M,Medium,Medium,Low,C076_S12,2023-06-10,Puzzle,1,138.19,False,1,0,0.44,0.57,219.88,0.94,4,0.09,0.47,Verbal,Advanced
C076,56,M,Medium,Medium,Low,C076_S13,2023-05-19,Drawing,1,128.02,True,0,4,0.84,0.03,57.74,0.83,7,0.55,0.46,Verbal,On-track
C076,56,M,Medium,Medium,Low,C076_S14,2023-06-15,Puzzle,3,36.23,False,2,2,0.13,0.46,52.41,0.76,5,0.83,0.49,Verbal,On-track
C076,56,M,Medium,Medium,Low,C076_S15,2023-03-01,Counting,1,176.99,False,0,2,0.62,0.8,181.48,0.53,3,-0.73,0.42,Verbal,On-track
C076,56,M,Medium,Medium,Low,C076_S16,2023-06-15,Counting,3,179.69,True,3,2,0.51,0.02,217.24,0.94,8,0.09,0.77,Verbal,At-risk
C076,56,M,Medium,Medium,Low,C076_S17,2023-05-16,Reading,1,276.35,True,0,3,0.2,0.05,233.61,0.62,2,-0.66,0.24,Verbal,On-track
C076,56,M,Medium,Medium,Low,C076_S18,2023-03-20,Drawing,5,198.01,True,1,1,0.48,0.53,198.77,0.92,6,0.34,0.91,Mixed,On-track
C076,56,M,Medium,Medium,Low,C076_S19,2023-04-06,Counting,5,282.65,False,1,1,0.77,0.17,127.23,0.59,4,0.58,0.88,Mixed,On-track
C076,56,M,Medium,Medium,Low,C076_S20,2023-04-01,Counting,4,95.06,True,1,3,0.3,0.46,32.38,0.77,10,-0.29,0.53,Verbal,On-track
C077,54,M,High,High,Moderate,C077_S01,2023-02-16,Drawing,4,189.35,True,1,2,0.66,0.4,46.15,0.68,8,0.44,0.92,Mixed,At-risk
C077,54,M,High,High,Moderate,C077_S02,2023-06-20,Drawing,5,241.78,True,1,0,0.67,0.45,46.15,0.74,4,-0.53,0.72,Visual,On-track
C077,54,M,High,High,Moderate,C077_S03,2023-03-23,Drawing,1,38.61,True,0,2,0.79,0.07,161.01,0.66,7,0.08,0.24,Verbal,On-track
C077,54,M,High,High,Moderate,C077_S04,2023-02-22,Puzzle,5,89.21,True,0,7,0.24,0.64,161.79,0.55,8,-0.11,0.72,Hands-on,Advanced
C077,54,M,High,High,Moderate,C077_S05,2023-02-07,Counting,2,92.13,True,0,3,0.45,0.11,274.09,0.7,4,-0.94,0.68,Verbal,Advanced
C077,54,M,High,High,Moderate,C077_S06,2023-05-17,Counting,1,138.62,False,0,2,0.84,0.37,137.56,0.58,9,-0.37,0.83,Visual,On-track
C077,54,M,High,High,Moderate,C077_S07,2023-05-08,Drawing,2,113.87,False,1,2,0.66,0.04,172.11,0.63,6,-0.47,0.92,Mixed,Advanced
C077,54,M,High,High,Moderate,C077_S08,2023-02-09,Puzzle,3,275.66,True,0,6,0.67,0.97,92.46,0.9,2,0.52,0.45,Mixed,On-track
C077,54,M,High,High,Moderate,C077_S09,2023-05-10,Counting,2,113.08,True,1,2,0.71,0.48,297.75,0.7,4,-0.97,0.33,Hands-on,On-track
C077,54,M,High,High,Moderate,C077_S10,2023-03-16,Drawing,4,107.47,False,2,3,0.49,0.84,182.08,0.69,5,-0.81,0.43,Mixed,At-risk
C077,54,M,High,High,Moderate,C077_S11,2023-04-24,Counting,2,73.44,False,0,5,0.85,0.84,189.24,0.82,3,-0.79,0.89,Hands-on,At-risk
C077,54,M,High,High,Moderate,C077_S12,2023-01-11,Drawing,3,76.36,True,1,0,0.49,0.79,38.29,0.92,7,-0.85,0.79,Hands-on,On-track
C077,54,M,High,High,Moderate,C077_S13,2023-01-07,Reading,3,178.79,False,2,0,0.81,0.2,37.79,0.96,4,0.25,0.81,Hands-on,On-track
C077,54,M,High,High,Moderate,C077_S14,2023-04-02,Puzzle,4,152.74,False,0,4,0.53,0.72,179.1,0.58,5,0.92,0.5,Verbal,At-risk
C077,54,M,High,High,Moderate,C077_S15,2023-02-19,Drawing,5,221.33,True,0,0,0.45,0.92,177.25,0.66,6,0.37,0.81,Mixed,At-risk
C077,54,M,High,High,Moderate,C077_S16,2023-02-20,Puzzle,4,144.27,False,1,3,0.99,0.94,284.22,0.57,8,-0.3,0.44,Visual,Advanced
C077,54,M,High,High,Moderate,C077_S17,2023-06-23,Puzzle,4,99.38,True,1,1,0.15,0.52,123.69,0.77,2,-0.85,0.57,Mixed,On-track
C077,54,M,High,High,Moderate,C077_S18,2023-05-06,Counting,4,153.52,True,0,2,0.79,0.58,102.67,0.75,2,-0.1,0.71,Hands-on,On-track
C077,54,M,High,High,Moderate,C077_S19,2023-01-15,Counting,4,218.28,False,2,4,0.97,0.19,247.67,0.73,4,0.34,0.25,Verbal,At-risk
C077,54,M,High,High,Moderate,C077_S20,2023-04-20,Counting,2,255.0,True,0,2,0.91,0.75,70.93,0.79,5,-0.59,0.48,Verbal,On-track
C078,71,F,Medium,Medium,Moderate,C078_S01,2023-05-24,Puzzle,2,226.13,True,1,4,0.75,0.87,38.7,0.77,8,-0.92,0.57,Visual,Advanced
C078,71,F,Medium,Medium,Moderate,C078_S02,2023-04-17,Reading,5,194.71,False,1,0,0.92,0.28,90.56,0.91,4,-0.62,0.67,Verbal,Advanced
C078,71,F,Medium,Medium,Moderate,C078_S03,2023-04-19,Reading,2,217.05,False,1,3,0.73,0.59,291.76,0.65,6,-0.92,0.4,Visual,On-track
C078,71,F,Medium,Medium,Moderate,C078_S04,2023-01-23,Drawing,4,245.75,True,0,0,0.87,0.08,136.19,0.55,5,0.4,0.87,Visual,On-track
C078,71,F,Medium,Medium,Moderate,C078_S05,2023-05-15,Counting,3,64.06,True,2,1,0.46,0.02,275.9,0.84,3,0.89,0.45,Visual,Advanced
C078,71,F,Medium,Medium,Moderate,C078_S06,2023-04-07,Puzzle,4,133.45,True,1,2,0.98,0.94,203.32,0.51,5,-0.45,0.95,Visual,At-risk
C078,71,F,Medium,Medium,Moderate,C078_S07,2023-03-11,Reading,3,29.22,True,3,3,0.6,0.44,295.76,0.53,5,0.9,0.81,Visual,On-track
C078,71,F,Medium,Medium,Moderate,C078_S08,2023-05-26,Drawing,3,183.45,True,1,1,0.32,0.76,75.26,0.71,8,0.66,0.44,Visual,Advanced
C078,71,F,Medium,Medium,Moderate,C078_S09,2023-03-16,Reading,5,161.65,True,2,0,0.86,0.11,40.63,0.67,7,0.91,0.2,Visual,Advanced
C078,71,F,Medium,Medium,Moderate,C078_S10,2023-05-30,Counting,1,19.07,True,1,1,0.54,0.17,211.69,0.68,6,-0.64,0.81,Verbal,At-risk
C078,71,F,Medium,Medium,Moderate,C078_S11,2023-02-27,Puzzle,3,55.54,False,0,6,0.6,0.34,235.64,0.58,4,-0.01,0.51,Mixed,On-track
C078,71,F,Medium,Medium,Moderate,C078_S12,2023-03-18,Reading,5,280.74,True,1,4,0.34,1.0,72.2,0.86,5,0.32,0.59,Visual,At-risk
C078,71,F,Medium,Medium,Moderate,C078_S13,2023-03-15,Reading,1,66.58,False,0,1,0.98,0.03,224.85,0.62,5,-0.74,0.78,Visual,Advanced
C078,71,F,Medium,Medium,Moderate,C078_S14,2023-06-15,Drawing,4,42.04,False,0,1,0.34,0.4,161.5,0.5,2,-0.06,0.62,Visual,At-risk
C078,71,F,Medium,Medium,Moderate,C078_S15,2023-05-07,Puzzle,2,186.14,True,0,1,0.16,0.01,89.53,0.84,4,0.35,0.79,Hands-on,On-track
C078,71,F,Medium,Medium,Moderate,C078_S16,2023-05-04,Reading,5,95.15,True,0,1,0.23,0.59,94.46,0.92,2,0.48,0.61,Mixed,At-risk
C078,71,F,Medium,Medium,Moderate,C078_S17,2023-05-02,Puzzle,1,124.1,True,1,4,0.21,0.85,255.13,0.69,6,0.79,0.32,Verbal,At-risk
C078,71,F,Medium,Medium,Moderate,C078_S18,2023-01-05,Counting,4,189.7,True,1,2,0.26,0.74,83.69,0.63,6,0.23,0.5,Visual,On-track
C078,71,F,Medium,Medium,Moderate,C078_S19,2023-03-23,Reading,5,168.61,False,1,0,0.71,0.05,46.29,0.58,6,-0.57,0.95,Mixed,On-track
C078,71,F,Medium,Medium,Moderate,C078_S20,2023-02-11,Puzzle,4,171.54,True,1,1,0.71,0.83,266.18,0.85,2,0.63,0.39,Verbal,On-track
C079,51,F,Low,Medium,Moderate,C079_S01,2023-05-16,Puzzle,2,52.14,True,1,1,0.71,0.73,127.66,0.89,5,-0.47,0.3,Hands-on,At-risk
C079,51,F,Low,Medium,Moderate,C079_S02,2023-02-16,Puzzle,1,166.78,True,1,2,0.32,0.61,61.4,0.95,3,0.69,0.71,Hands-on,On-track
C079,51,F,Low,Medium,Moderate,C079_S03,2023-03-24,Counting,3,31.91,True,0,1,0.86,0.09,36.78,0.62,4,0.71,0.24,Mixed,At-risk
C079,51,F,Low,Medium,Moderate,C079_S04,2023-03-19,Counting,5,164.15,True,0,1,0.62,0.33,203.09,0.85,2,-0.07,0.78,Hands-on,At-risk
C079,51,F,Low,Medium,Moderate,C079_S05,2023-01-25,Counting,2,113.22,True,2,2,0.78,0.17,47.11,0.76,5,0.99,0.44,Mixed,On-track
C079,51,F,Low,Medium,Moderate,C079_S06,2023-05-13,Counting,5,147.26,True,0,2,0.78,0.7,83.28,0.82,3,0.57,0.64,Verbal,On-track
C079,51,F,Low,Medium,Moderate,C079_S07,2023-03-29,Drawing,4,46.56,True,1,2,0.83,0.56,296.62,0.69,7,-0.13,0.62,Visual,On-track
C079,51,F,Low,Medium,Moderate,C079_S08,2023-02-26,Drawing,4,293.95,True,1,2,0.91,0.58,280.71,0.99,7,0.53,0.45,Mixed,On-track
C079,51,F,Low,Medium,Moderate,C079_S09,2023-06-26,Puzzle,5,157.65,True,3,3,0.36,0.91,144.43,0.98,8,0.26,0.9,Verbal,Advanced
C079,51,F,Low,Medium,Moderate,C079_S10,2023-01-30,Drawing,3,251.18,False,0,1,0.88,0.84,259.32,0.85,3,0.9,0.56,Mixed,On-track
C079,51,F,Low,Medium,Moderate,C079_S11,2023-03-21,Counting,4,172.43,True,2,2,0.44,0.51,227.56,0.64,4,-0.02,0.6,Visual,On-track
C079,51,F,Low,Medium,Moderate,C079_S12,2023-06-02,Counting,4,113.61,False,2,2,0.85,0.22,285.76,0.84,3,-0.66,0.75,Visual,On-track
C079,51,F,Low,Medium,Moderate,C079_S13,2023-01-31,Drawing,4,256.79,True,2,4,0.47,0.18,170.43,0.75,3,-0.23,0.53,Visual,At-risk
C079,51,F,Low,Medium,Moderate,C079_S14,2023-06-26,Drawing,4,229.62,True,0,3,0.24,0.85,299.68,0.67,3,-0.43,0.76,Verbal,On-track
C079,51,F,Low,Medium,Moderate,C079_S15,2023-01-21,Reading,5,22.98,True,0,0,0.66,0.35,199.87,0.5,5,-0.69,0.4,Hands-on,At-risk
C079,51,F,Low,Medium,Moderate,C079_S16,2023-01-20,Puzzle,2,205.46,True,1,2,0.16,0.14,209.77,0.85,6,0.1,0.45,Mixed,At-risk
C079,51,F,Low,Medium,Moderate,C079_S17,2023-01-11,Drawing,1,110.39,True,1,4,0.22,0.61,234.37,0.64,5,-0.22,0.22,Visual,At-risk
C079,51,F,Low,Medium,Moderate,C079_S18,2023-05-12,Puzzle,3,11.63,True,0,0,0.44,0.34,60.69,0.94,6,-0.01,0.87,Verbal,Advanced
C079,51,F,Low,Medium,Moderate,C079_S19,2023-01-12,Puzzle,4,37.44,True,0,0,0.7,0.12,231.69,0.6,1,0.68,0.5,Verbal,On-track
C079,51,F,Low,Medium,Moderate,C079_S20,2023-01-25,Puzzle,2,257.81,True,1,1,0.77,0.8,176.87,0.57,6,-0.89,0.27,Mixed,On-track
C080,58,M,Low,High,Moderate,C080_S01,2023-01-08,Puzzle,2,101.82,True,0,4,0.73,0.69,268.4,0.65,6,-0.38,0.97,Visual,At-risk
C080,58,M,Low,High,Moderate,C080_S02,2023-03-13,Counting,4,119.56,True,2,2,0.62,0.39,56.57,0.65,8,0.67,0.81,Verbal,Advanced
C080,58,M,Low,High,Moderate,C080_S03,2023-06-06,Drawing,4,140.48,True,3,1,0.25,0.98,163.16,0.51,7,0.68,0.39,Hands-on,On-track
C080,58,M,Low,High,Moderate,C080_S04,2023-05-29,Puzzle,4,169.03,False,0,0,0.82,0.56,151.34,0.59,4,-0.84,0.3,Hands-on,At-risk
C080,58,M,Low,High,Moderate,C080_S05,2023-03-14,Drawing,2,281.35,True,0,1,0.13,0.5,88.08,0.5,4,0.42,0.74,Mixed,On-track
C080,58,M,Low,High,Moderate,C080_S06,2023-01-26,Drawing,1,139.79,True,1,5,0.93,0.35,41.1,0.71,6,-0.93,0.54,Mixed,Advanced
C080,58,M,Low,High,Moderate,C080_S07,2023-05-02,Counting,3,102.3,True,1,2,0.72,0.25,148.76,0.98,7,1.0,0.41,Hands-on,On-track
C080,58,M,Low,High,Moderate,C080_S08,2023-06-22,Puzzle,5,190.93,True,0,0,0.83,0.48,69.42,0.73,4,0.94,0.84,Visual,On-track
C080,58,M,Low,High,Moderate,C080_S09,2023-04-08,Reading,3,294.2,True,1,3,0.5,0.36,146.12,0.54,8,-0.38,0.67,Visual,On-track
C080,58,M,Low,High,Moderate,C080_S10,2023-01-29,Counting,4,110.21,True,0,2,0.61,0.79,96.26,0.76,6,0.75,0.89,Visual,On-track
C080,58,M,Low,High,Moderate,C080_S11,2023-02-04,Reading,2,287.6,True,2,3,0.13,0.99,153.54,0.97,5,0.36,0.27,Mixed,At-risk
C080,58,M,Low,High,Moderate,C080_S12,2023-05-23,Puzzle,3,156.75,False,0,4,0.82,0.72,197.29,0.71,3,0.73,0.72,Visual,On-track
C080,58,M,Low,High,Moderate,C080_S13,2023-04-09,Counting,2,236.14,True,1,1,0.76,0.84,201.51,0.58,2,0.68,0.76,Verbal,At-risk
C080,58,M,Low,High,Moderate,C080_S14,2023-06-25,Reading,3,267.99,True,1,0,0.22,0.95,148.92,0.52,2,0.52,0.32,Visual,On-track
C080,58,M,Low,High,Moderate,C080_S15,2023-04-20,Drawing,1,297.35,True,2,1,0.46,0.65,31.24,0.93,6,-0.59,0.92,Mixed,Advanced
C080,58,M,Low,High,Moderate,C080_S16,2023-05-02,Counting,2,13.71,True,1,1,0.75,0.54,294.91,0.62,4,0.66,0.8,Visual,Advanced
C080,58,M,Low,High,Moderate,C080_S17,2023-05-06,Puzzle,4,109.54,True,1,3,0.96,0.54,298.67,0.57,5,0.91,0.31,Verbal,On-track
C080,58,M,Low,High,Moderate,C080_S18,2023-06-23,Puzzle,1,279.98,True,1,2,0.14,0.47,107.43,0.99,7,-0.19,0.64,Visual,On-track
C080,58,M,Low,High,Moderate,C080_S19,2023-06-27,Puzzle,2,35.69,True,0,2,0.52,0.39,121.69,0.67,3,-0.23,0.54,Hands-on,Advanced
C080,58,M,Low,High,Moderate,C080_S20,2023-02-13,Puzzle,1,37.13,True,0,1,0.77,0.29,268.54,0.71,5,0.9,0.88,Verbal,On-track
C081,41,M,High,Medium,Low,C081_S01,2023-03-01,Reading,3,292.5,True,0,2,0.53,0.93,76.27,0.92,5,-0.22,0.85,Hands-on,On-track
C081,41,M,High,Medium,Low,C081_S02,2023-05-29,Counting,1,168.03,False,1,3,0.3,0.37,74.88,0.83,7,0.09,0.79,Mixed,Advanced
C081,41,M,High,Medium,Low,C081_S03,2023-04-13,Counting,2,202.4,True,1,1,0.59,0.96,199.62,0.52,5,-0.64,0.89,Verbal,At-risk
C081,41,M,High,Medium,Low,C081_S04,2023-04-14,Reading,5,144.89,True,2,2,0.64,0.47,272.1,0.66,4,0.6,0.35,Hands-on,On-track
C081,41,M,High,Medium,Low,C081_S05,2023-04-27,Puzzle,1,291.37,True,0,2,0.75,0.78,165.32,0.89,4,0.3,0.72,Visual,On-track
C081,41,M,High,Medium,Low,C081_S06,2023-03-01,Drawing,4,240.72,True,2,3,0.56,0.12,105.45,0.84,7,-0.17,0.94,Visual,At-risk
C081,41,M,High,Medium,Low,C081_S07,2023-01-18,Reading,2,147.38,True,1,1,0.58,0.23,66.4,0.95,3,0.54,0.22,Hands-on,Advanced
C081,41,M,High,Medium,Low,C081_S08,2023-04-08,Counting,1,230.6,True,1,0,0.57,0.1,290.37,0.95,3,-0.04,0.34,Visual,At-risk
C081,41,M,High,Medium,Low,C081_S09,2023-01-25,Puzzle,3,136.37,False,2,1,0.91,0.7,81.15,0.79,6,0.78,0.88,Hands-on,On-track
C081,41,M,High,Medium,Low,C081_S10,2023-05-07,Reading,4,263.58,True,0,2,0.78,0.97,158.97,0.5,7,0.77,0.61,Visual,At-risk
C081,41,M,High,Medium,Low,C081_S11,2023-05-06,Counting,5,108.67,True,3,1,0.38,0.17,197.44,0.89,2,0.64,0.34,Hands-on,Advanced
C081,41,M,High,Medium,Low,C081_S12,2023-05-19,Puzzle,4,137.65,False,0,3,0.19,0.87,254.66,0.88,8,-0.8,0.64,Mixed,On-track
C081,41,M,High,Medium,Low,C081_S13,2023-04-21,Puzzle,4,54.37,True,0,5,0.83,0.67,297.14,0.91,7,0.68,0.81,Verbal,On-track
C081,41,M,High,Medium,Low,C081_S14,2023-04-07,Reading,1,112.3,True,0,3,0.98,0.05,52.39,0.85,3,0.92,0.76,Verbal,On-track
C081,41,M,High,Medium,Low,C081_S15,2023-05-23,Counting,4,55.85,True,3,4,0.34,0.82,166.1,0.95,3,0.97,0.45,Mixed,On-track
C081,41,M,High,Medium,Low,C081_S16,2023-04-21,Drawing,3,49.42,True,2,5,0.71,0.41,204.74,0.63,2,0.18,0.89,Verbal,On-track
C081,41,M,High,Medium,Low,C081_S17,2023-01-29,Reading,3,272.76,True,0,2,0.65,0.58,158.05,0.93,1,-0.35,0.21,Hands-on,At-risk
C081,41,M,High,Medium,Low,C081_S18,2023-05-27,Reading,1,93.33,True,1,0,0.61,0.85,296.79,0.85,7,0.83,0.94,Verbal,Advanced
C081,41,M,High,Medium,Low,C081_S19,2023-05-10,Puzzle,1,65.23,True,0,1,0.82,0.39,51.47,0.71,6,0.69,0.27,Verbal,On-track
C081,41,M,High,Medium,Low,C081_S20,2023-04-07,Counting,2,126.83,True,0,0,0.47,0.03,98.85,0.6,1,0.35,0.88,Mixed,On-track
C082,55,M,Low,High,Low,C082_S01,2023-02-02,Counting,4,73.27,True,1,0,0.48,0.22,127.53,0.63,2,0.93,0.47,Verbal,At-risk
C082,55,M,Low,High,Low,C082_S02,2023-01-07,Counting,1,245.01,True,2,1,0.3,0.78,82.42,0.85,8,0.13,0.53,Verbal,On-track
C082,55,M,Low,High,Low,C082_S03,2023-04-02,Reading,1,70.78,True,1,2,0.65,0.38,165.28,0.76,6,-0.34,0.37,Verbal,At-risk
C082,55,M,Low,High,Low,C082_S04,2023-03-05,Drawing,4,204.39,True,2,2,0.51,0.6,140.03,0.7,3,0.84,0.53,Hands-on,On-track
C082,55,M,Low,High,Low,C082_S05,2023-06-26,Puzzle,5,294.56,True,1,5,0.48,0.31,136.7,0.85,6,0.03,0.46,Mixed,On-track
C082,55,M,Low,High,Low,C082_S06,2023-02-13,Puzzle,3,109.47,True,0,2,0.67,0.62,290.93,0.65,6,-0.78,0.76,Hands-on,On-track
C082,55,M,Low,High,Low,C082_S07,2023-06-18,Reading,4,147.17,True,3,4,0.72,0.4,58.08,0.8,4,0.94,0.21,Hands-on,Advanced
C082,55,M,Low,High,Low,C082_S08,2023-03-10,Puzzle,3,175.01,True,1,1,0.69,0.55,60.03,0.68,4,-0.49,0.21,Hands-on,On-track
C082,55,M,Low,High,Low,C082_S09,2023-03-23,Reading,3,219.82,True,1,1,0.78,0.7,273.15,0.81,7,0.3,0.65,Hands-on,On-track
C082,55,M,Low,High,Low,C082_S10,2023-01-26,Reading,3,121.7,True,0,3,0.37,0.13,152.58,0.75,5,0.24,0.68,Visual,At-risk
C082,55,M,Low,High,Low,C082_S11,2023-03-28,Reading,1,76.32,True,0,0,0.37,0.9,77.04,0.88,3,-0.95,0.34,Hands-on,At-risk
C082,55,M,Low,High,Low,C082_S12,2023-03-28,Drawing,3,108.89,True,1,1,0.4,0.51,236.99,0.88,4,-0.26,0.9,Hands-on,On-track
C082,55,M,Low,High,Low,C082_S13,2023-04-22,Drawing,5,237.72,True,0,3,0.89,0.65,186.43,0.99,3,-0.09,0.7,Verbal,Advanced
C082,55,M,Low,High,Low,C082_S14,2023-01-20,Drawing,1,157.5,True,1,3,0.98,0.33,295.29,0.53,7,-0.95,0.37,Verbal,On-track
C082,55,M,Low,High,Low,C082_S15,2023-05-27,Reading,1,246.95,True,1,1,0.79,0.33,118.35,0.84,5,-0.24,0.78,Mixed,At-risk
C082,55,M,Low,High,Low,C082_S16,2023-01-24,Puzzle,4,118.85,False,0,2,0.72,0.57,107.63,0.66,6,-0.36,0.73,Hands-on,On-track
C082,55,M,Low,High,Low,C082_S17,2023-05-26,Reading,2,75.88,True,0,3,0.34,0.22,124.53,0.9,5,0.56,0.88,Verbal,On-track
C082,55,M,Low,High,Low,C082_S18,2023-01-20,Counting,3,295.38,True,0,3,0.27,0.56,38.76,0.72,3,0.71,0.91,Hands-on,On-track
C082,55,M,Low,High,Low,C082_S19,2023-06-19,Counting,5,57.61,False,1,1,0.62,0.89,36.23,0.84,6,0.73,0.36,Visual,On-track
C082,55,M,Low,High,Low,C082_S20,2023-06-09,Reading,4,90.75,True,1,0,0.2,0.7,47.19,0.93,4,-0.19,0.22,Hands-on,On-track
C083,44,M,High,High,High,C083_S01,2023-02-17,Reading,3,116.07,True,2,2,0.21,0.78,235.5,0.62,3,-0.23,0.71,Visual,Advanced
C083,44,M,High,High,High,C083_S02,2023-04-30,Counting,4,261.56,True,0,1,0.79,0.91,238.03,0.87,6,0.07,0.52,Mixed,On-track
C083,44,M,High,High,High,C083_S03,2023-06-07,Reading,5,249.22,True,0,0,0.99,0.61,144.14,0.55,7,-0.49,0.26,Mixed,At-risk
C083,44,M,High,High,High,C083_S04,2023-01-16,Drawing,1,33.46,True,0,1,0.53,0.52,252.46,0.74,7,-0.44,0.21,Verbal,On-track
C083,44,M,High,High,High,C083_S05,2023-02-08,Counting,5,49.86,True,0,2,0.9,0.97,218.36,0.56,4,0.73,0.62,Mixed,On-track
C083,44,M,High,High,High,C083_S06,2023-01-17,Drawing,3,43.01,True,0,2,0.96,0.81,111.77,0.57,5,-0.46,0.68,Mixed,On-track
C083,44,M,High,High,High,C083_S07,2023-03-15,Drawing,5,22.55,True,0,1,0.62,0.33,185.35,0.59,2,0.38,0.72,Verbal,At-risk
C083,44,M,High,High,High,C083_S08,2023-04-14,Drawing,1,261.12,True,1,3,0.43,0.91,155.75,0.8,8,-0.92,0.61,Visual,On-track
C083,44,M,High,High,High,C083_S09,2023-03-04,Counting,1,178.74,True,0,2,0.4,0.84,76.08,0.51,3,0.29,0.72,Verbal,On-track
C083,44,M,High,High,High,C083_S10,2023-04-22,Reading,2,220.29,False,0,2,0.15,0.32,137.6,0.91,6,0.15,0.49,Hands-on,On-track
C083,44,M,High,High,High,C083_S11,2023-02-10,Counting,4,209.44,True,1,1,0.96,0.8,85.55,0.7,4,-0.18,0.26,Visual,On-track
C083,44,M,High,High,High,C083_S12,2023-03-13,Drawing,2,106.59,False,1,0,0.72,0.07,70.02,0.85,5,0.43,0.85,Hands-on,On-track
C083,44,M,High,High,High,C083_S13,2023-05-05,Puzzle,2,257.42,True,0,2,0.27,0.91,140.11,0.61,9,-0.8,0.94,Visual,Advanced
C083,44,M,High,High,High,C083_S14,2023-03-22,Counting,4,131.33,True,1,5,0.24,0.08,116.09,0.72,3,-0.18,0.96,Mixed,Advanced
C083,44,M,High,High,High,C083_S15,2023-04-15,Counting,5,45.5,True,1,2,0.45,0.88,139.49,0.92,4,-0.9,0.35,Hands-on,Advanced
C083,44,M,High,High,High,C083_S16,2023-04-12,Drawing,4,143.9,True,0,2,0.43,0.08,83.46,0.67,3,0.11,0.69,Visual,On-track
C083,44,M,High,High,High,C083_S17,2023-05-09,Puzzle,2,89.02,True,1,0,0.95,0.19,142.89,0.92,0,0.85,0.24,Hands-on,Advanced
C083,44,M,High,High,High,C083_S18,2023-05-15,Counting,1,187.66,True,0,3,0.86,0.15,177.21,0.67,3,-0.87,0.78,Verbal,On-track
C083,44,M,High,High,High,C083_S19,2023-06-03,Puzzle,5,269.53,True,2,0,0.31,0.24,120.63,0.97,9,-0.16,0.51,Mixed,On-track
C083,44,M,High,High,High,C083_S20,2023-05-30,Reading,4,247.31,True,1,1,0.7,0.75,278.47,0.7,5,0.74,0.44,Mixed,At-risk
C084,48,F,Low,Low,Low,C084_S01,2023-02-14,Drawing,3,199.09,True,1,1,0.94,0.74,66.14,0.74,7,0.32,0.47,Mixed,On-track
C084,48,F,Low,Low,Low,C084_S02,2023-03-07,Puzzle,5,121.27,True,1,2,0.26,0.25,47.07,0.86,5,-0.7,0.57,Verbal,On-track
C084,48,F,Low,Low,Low,C084_S03,2023-01-29,Counting,2,64.63,True,2,5,0.96,0.5,193.35,0.8,6,-0.92,0.55,Hands-on,On-track
C084,48,F,Low,Low,Low,C084_S04,2023-03-05,Counting,2,207.63,True,2,2,0.81,0.98,155.61,0.87,8,0.61,0.49,Mixed,Advanced
C084,48,F,Low,Low,Low,C084_S05,2023-04-03,Reading,3,177.56,True,2,1,0.89,0.32,203.46,0.8,5,-0.14,0.36,Hands-on,Advanced
C084,48,F,Low,Low,Low,C084_S06,2023-01-06,Puzzle,5,267.42,True,0,1,0.67,0.52,126.05,0.82,6,0.57,0.55,Mixed,At-risk
C084,48,F,Low,Low,Low,C084_S07,2023-01-14,Drawing,1,191.59,True,1,1,0.5,0.86,124.05,0.82,5,0.82,0.31,Verbal,On-track
C084,48,F,Low,Low,Low,C084_S08,2023-06-13,Counting,1,159.22,False,2,1,0.3,0.24,40.44,0.69,4,-0.73,0.98,Mixed,At-risk
C084,48,F,Low,Low,Low,C084_S09,2023-05-17,Drawing,1,271.82,True,0,3,0.23,0.3,160.61,0.77,7,-0.18,0.49,Mixed,On-track
C084,48,F,Low,Low,Low,C084_S10,2023-04-11,Counting,3,17.16,True,4,1,0.64,0.88,225.94,0.74,6,0.95,0.21,Verbal,Advanced
C084,48,F,Low,Low,Low,C084_S11,2023-03-02,Counting,5,24.78,False,1,0,0.96,0.61,272.65,0.84,5,1.0,0.9,Visual,Advanced
C084,48,F,Low,Low,Low,C084_S12,2023-04-23,Counting,5,98.47,True,0,1,0.79,0.92,281.61,0.55,7,0.26,0.21,Mixed,At-risk
C084,48,F,Low,Low,Low,C084_S13,2023-04-15,Puzzle,3,79.01,False,1,3,0.72,0.55,191.29,0.5,4,-0.72,0.37,Verbal,On-track
C084,48,F,Low,Low,Low,C084_S14,2023-05-06,Reading,3,276.52,True,0,3,0.54,0.53,241.16,0.78,4,0.64,0.67,Hands-on,Advanced
C084,48,F,Low,Low,Low,C084_S15,2023-03-27,Reading,4,96.62,True,1,1,0.59,0.1,201.7,0.58,5,0.87,0.94,Mixed,Advanced
C084,48,F,Low,Low,Low,C084_S16,2023-02-11,Counting,1,231.13,True,1,2,0.64,0.95,204.7,0.54,2,-0.67,0.85,Hands-on,On-track
C084,48,F,Low,Low,Low,C084_S17,2023-06-04,Counting,2,215.08,False,0,5,0.14,0.36,211.34,0.61,2,0.02,0.78,Verbal,On-track
C084,48,F,Low,Low,Low,C084_S18,2023-01-14,Drawing,3,219.55,True,3,2,0.38,0.54,58.56,0.62,3,-0.26,0.46,Hands-on,At-risk
C084,48,F,Low,Low,Low,C084_S19,2023-02-04,Puzzle,2,199.39,True,0,1,0.33,0.58,122.2,0.93,6,0.47,0.48,Verbal,At-risk
C084,48,F,Low,Low,Low,C084_S20,2023-03-22,Puzzle,4,275.24,True,3,2,0.75,0.18,59.99,0.78,2,0.76,0.29,Visual,On-track
C085,54,M,High,High,Moderate,C085_S01,2023-03-23,Reading,4,262.81,True,0,0,0.33,0.92,210.4,0.96,4,0.99,0.47,Verbal,At-risk
C085,54,M,High,High,Moderate,C085_S02,2023-03-08,Drawing,3,131.12,True,1,3,0.4,0.83,44.88,0.52,2,-0.86,0.44,Hands-on,Advanced
C085,54,M,High,High,Moderate,C085_S03,2023-03-14,Drawing,1,179.59,False,1,0,0.23,0.51,296.0,0.94,6,0.89,0.26,Visual,On-track
C085,54,M,High,High,Moderate,C085_S04,2023-04-11,Reading,2,104.73,True,0,2,0.76,0.3,161.84,0.83,6,-0.91,0.75,Mixed,Advanced
C085,54,M,High,High,Moderate,C085_S05,2023-02-27,Puzzle,2,288.09,True,2,3,0.87,0.88,191.68,0.92,6,-0.28,0.26,Mixed,Advanced
C085,54,M,High,High,Moderate,C085_S06,2023-06-15,Drawing,2,56.9,True,0,0,0.87,0.58,99.92,0.92,6,-0.37,0.88,Mixed,Advanced
C085,54,M,High,High,Moderate,C085_S07,2023-02-20,Counting,3,16.68,False,1,2,0.61,0.08,292.32,0.97,4,-0.8,0.46,Hands-on,On-track
C085,54,M,High,High,Moderate,C085_S08,2023-04-13,Reading,5,259.35,True,0,1,0.9,0.77,253.99,0.53,7,-0.93,0.95,Hands-on,On-track
C085,54,M,High,High,Moderate,C085_S09,2023-04-05,Drawing,1,118.7,False,1,2,0.82,0.56,244.88,0.58,8,-0.78,0.89,Mixed,On-track
C085,54,M,High,High,Moderate,C085_S10,2023-05-15,Reading,5,172.25,True,1,6,0.88,0.03,200.82,0.55,2,-0.85,0.45,Mixed,Advanced
C085,54,M,High,High,Moderate,C085_S11,2023-06-22,Reading,2,275.81,True,0,0,0.28,0.32,160.82,0.92,3,0.91,0.31,Visual,At-risk
C085,54,M,High,High,Moderate,C085_S12,2023-02-18,Counting,4,47.5,True,1,1,0.79,0.64,218.92,0.74,6,-0.82,0.55,Verbal,On-track
C085,54,M,High,High,Moderate,C085_S13,2023-02-03,Reading,1,44.37,True,1,3,0.47,0.67,185.08,0.81,8,0.87,0.22,Mixed,At-risk
C085,54,M,High,High,Moderate,C085_S14,2023-03-14,Drawing,4,77.36,False,3,2,0.22,0.51,82.72,0.75,3,-0.68,0.51,Verbal,On-track
C085,54,M,High,High,Moderate,C085_S15,2023-02-07,Puzzle,4,110.53,False,0,4,0.55,0.81,43.61,0.94,2,0.74,0.3,Verbal,On-track
C085,54,M,High,High,Moderate,C085_S16,2023-06-08,Reading,3,71.1,True,1,1,0.32,0.73,275.13,0.89,4,-0.76,0.68,Mixed,On-track
C085,54,M,High,High,Moderate,C085_S17,2023-06-25,Reading,5,298.69,True,1,3,0.36,0.44,127.18,0.89,5,0.53,0.53,Visual,On-track
C085,54,M,High,High,Moderate,C085_S18,2023-03-24,Reading,5,259.34,True,1,2,0.78,0.87,296.41,0.67,4,-0.41,0.5,Hands-on,At-risk
C085,54,M,High,High,Moderate,C085_S19,2023-04-19,Counting,5,108.64,True,2,2,0.27,0.7,213.15,0.77,5,-0.14,0.76,Visual,On-track
C085,54,M,High,High,Moderate,C085_S20,2023-01-14,Counting,4,230.33,True,0,0,0.58,0.54,165.02,0.66,6,0.87,0.25,Mixed,On-track
C086,38,F,High,High,High,C086_S01,2023-01-12,Puzzle,3,39.03,True,3,0,0.63,0.12,70.34,0.89,6,0.98,0.89,Verbal,At-risk
C086,38,F,High,High,High,C086_S02,2023-03-19,Reading,1,20.6,True,0,3,0.67,0.48,108.61,0.97,10,-0.92,0.36,Hands-on,On-track
C086,38,F,High,High,High,C086_S03,2023-05-24,Puzzle,5,124.89,True,1,3,0.21,0.54,255.55,0.8,4,0.18,0.61,Hands-on,On-track
C086,38,F,High,High,High,C086_S04,2023-05-09,Reading,2,16.27,False,0,2,0.95,0.36,228.3,0.68,4,1.0,0.46,Mixed,Advanced
C086,38,F,High,High,High,C086_S05,2023-02-03,Puzzle,2,110.75,True,0,1,0.42,0.67,277.3,0.7,4,0.47,0.48,Verbal,On-track
C086,38,F,High,High,High,C086_S06,2023-02-06,Counting,1,72.99,True,0,0,0.66,0.67,74.82,0.81,4,0.56,0.98,Visual,On-track
C086,38,F,High,High,High,C086_S07,2023-02-02,Reading,1,299.69,False,1,0,0.3,0.79,58.97,0.65,4,-0.02,0.6,Mixed,Advanced
C086,38,F,High,High,High,C086_S08,2023-04-03,Reading,3,91.09,True,1,4,0.89,0.83,173.6,0.53,7,-0.62,0.7,Verbal,Advanced
C086,38,F,High,High,High,C086_S09,2023-06-06,Counting,5,197.87,True,0,1,0.5,0.75,134.6,0.83,8,-0.34,0.28,Hands-on,On-track
C086,38,F,High,High,High,C086_S10,2023-02-12,Counting,2,197.97,False,2,2,0.73,0.37,115.78,0.84,6,0.58,0.7,Hands-on,On-track
C086,38,F,High,High,High,C086_S11,2023-02-08,Reading,2,117.06,True,0,2,0.93,0.39,176.74,0.93,9,-0.29,0.21,Visual,On-track
C086,38,F,High,High,High,C086_S12,2023-02-28,Drawing,1,200.93,True,1,3,0.98,0.39,204.91,0.86,5,0.34,0.69,Visual,On-track
C086,38,F,High,High,High,C086_S13,2023-06-30,Reading,5,273.45,True,2,3,0.69,0.68,162.68,0.84,7,-0.28,0.44,Verbal,Advanced
C086,38,F,High,High,High,C086_S14,2023-05-07,Puzzle,5,276.14,True,2,2,0.48,0.26,108.2,0.59,7,-0.22,0.78,Verbal,Advanced
C086,38,F,High,High,High,C086_S15,2023-05-24,Reading,5,90.54,True,1,0,0.5,0.06,76.95,0.86,5,-0.76,0.95,Verbal,On-track
C086,38,F,High,High,High,C086_S16,2023-02-07,Puzzle,2,36.87,True,1,2,0.27,0.0,59.44,0.81,4,-0.71,0.43,Verbal,On-track
C086,38,F,High,High,High,C086_S17,2023-03-14,Drawing,5,227.73,True,2,3,0.82,0.81,93.21,0.86,4,0.65,0.61,Mixed,At-risk
C086,38,F,High,High,High,C086_S18,2023-03-11,Drawing,3,259.13,True,0,2,0.93,0.13,139.16,0.5,4,0.46,0.42,Hands-on,Advanced
C086,38,F,High,High,High,C086_S19,2023-05-15,Drawing,3,120.08,True,1,0,0.73,0.73,255.31,0.74,4,0.42,0.65,Verbal,On-track
C086,38,F,High,High,High,C086_S20,2023-05-08,Puzzle,1,40.98,True,0,4,0.93,0.24,294.1,0.94,3,-0.09,0.78,Mixed,On-track
C087,71,M,Medium,Medium,High,C087_S01,2023-01-28,Counting,3,154.86,True,2,1,0.55,0.54,284.93,0.71,6,0.01,0.49,Visual,On-track
C087,71,M,Medium,Medium,High,C087_S02,2023-06-18,Reading,4,65.83,True,0,1,0.54,0.2,260.88,0.5,5,0.41,0.5,Verbal,Advanced
C087,71,M,Medium,Medium,High,C087_S03,2023-06-02,Puzzle,2,128.02,True,0,3,0.71,0.23,89.59,0.82,7,-0.06,0.93,Verbal,On-track
C087,71,M,Medium,Medium,High,C087_S04,2023-06-09,Reading,2,128.11,True,2,1,0.19,0.15,75.0,0.6,3,0.84,0.86,Verbal,At-risk
C087,71,M,Medium,Medium,High,C087_S05,2023-05-26,Drawing,4,179.91,True,1,1,0.21,0.19,250.72,0.52,4,-0.61,0.43,Visual,On-track
C087,71,M,Medium,Medium,High,C087_S06,2023-06-14,Counting,2,83.27,True,1,0,0.5,0.16,232.81,0.58,3,0.13,0.24,Verbal,On-track
C087,71,M,Medium,Medium,High,C087_S07,2023-01-19,Reading,1,256.16,True,0,1,0.45,0.95,284.6,0.85,4,-0.36,0.97,Visual,On-track
C087,71,M,Medium,Medium,High,C087_S08,2023-03-03,Reading,2,95.38,True,0,4,0.72,0.74,103.97,0.51,6,-0.85,0.84,Visual,Advanced
C087,71,M,Medium,Medium,High,C087_S09,2023-02-11,Reading,5,20.78,True,1,2,0.54,0.03,106.1,0.91,8,-0.96,0.22,Mixed,On-track
C087,71,M,Medium,Medium,High,C087_S10,2023-06-17,Drawing,1,107.81,True,0,1,0.5,0.44,32.33,0.83,8,-0.05,0.41,Visual,On-track
C087,71,M,Medium,Medium,High,C087_S11,2023-04-21,Counting,4,140.0,True,0,1,0.89,0.17,35.43,0.72,3,-0.03,0.37,Mixed,At-risk
C087,71,M,Medium,Medium,High,C087_S12,2023-04-02,Puzzle,3,179.07,True,0,3,0.69,0.12,108.79,0.83,9,0.7,0.44,Mixed,On-track
C087,71,M,Medium,Medium,High,C087_S13,2023-05-06,Reading,1,11.18,True,1,3,0.75,0.17,153.52,0.57,3,-0.67,0.67,Mixed,On-track
C087,71,M,Medium,Medium,High,C087_S14,2023-05-25,Reading,3,10.36,True,1,4,0.92,0.09,141.1,0.73,6,0.26,0.53,Visual,On-track
C087,71,M,Medium,Medium,High,C087_S15,2023-04-05,Drawing,5,150.05,True,2,3,0.18,0.28,233.18,0.63,6,0.91,0.72,Verbal,On-track
C087,71,M,Medium,Medium,High,C087_S16,2023-01-11,Counting,1,156.75,True,1,0,0.26,0.23,140.03,0.69,3,-0.98,0.23,Mixed,At-risk
C087,71,M,Medium,Medium,High,C087_S17,2023-06-15,Drawing,1,267.4,True,0,1,0.17,0.29,262.1,0.84,5,0.63,0.23,Mixed,On-track
C087,71,M,Medium,Medium,High,C087_S18,2023-06-15,Puzzle,4,18.29,True,0,1,0.46,0.4,238.28,0.57,5,-0.27,0.54,Verbal,On-track
C087,71,M,Medium,Medium,High,C087_S19,2023-05-03,Counting,1,274.46,True,1,3,0.84,0.65,89.74,0.74,3,-0.63,0.35,Visual,On-track
C087,71,M,Medium,Medium,High,C087_S20,2023-03-18,Drawing,1,50.15,True,1,0,0.63,0.56,257.03,0.84,6,0.12,0.29,Hands-on,On-track
C088,65,M,High,Low,Low,C088_S01,2023-05-12,Puzzle,4,207.09,True,2,0,0.88,0.5,103.72,0.87,7,0.05,0.75,Hands-on,On-track
C088,65,M,High,Low,Low,C088_S02,2023-04-29,Counting,2,51.17,True,2,1,0.22,0.91,231.78,0.97,7,0.24,0.28,Verbal,On-track
C088,65,M,High,Low,Low,C088_S03,2023-05-09,Puzzle,5,238.81,True,0,1,0.64,0.58,279.35,0.9,7,0.7,0.97,Visual,At-risk
C088,65,M,High,Low,Low,C088_S04,2023-02-15,Drawing,2,211.57,True,1,1,0.64,0.17,265.53,0.93,8,-0.01,0.84,Mixed,On-track
C088,65,M,High,Low,Low,C088_S05,2023-04-17,Counting,5,108.54,False,1,1,0.62,0.99,216.56,0.87,1,-0.93,0.99,Verbal,At-risk
C088,65,M,High,Low,Low,C088_S06,2023-06-21,Reading,4,107.01,True,0,1,0.77,0.87,231.62,0.82,9,0.59,0.88,Hands-on,On-track
C088,65,M,High,Low,Low,C088_S07,2023-02-17,Drawing,2,280.88,True,0,1,0.92,0.07,193.19,0.88,2,-0.45,0.36,Visual,At-risk
C088,65,M,High,Low,Low,C088_S08,2023-06-04,Counting,4,169.2,True,1,1,0.56,0.84,92.29,0.87,8,0.52,0.98,Mixed,On-track
C088,65,M,High,Low,Low,C088_S09,2023-05-17,Puzzle,3,99.9,True,2,4,0.53,0.71,271.75,0.75,4,-0.93,0.75,Visual,On-track
C088,65,M,High,Low,Low,C088_S10,2023-02-13,Reading,4,276.57,True,1,1,0.74,0.97,262.42,0.77,6,-0.64,0.78,Verbal,On-track
C088,65,M,High,Low,Low,C088_S11,2023-06-18,Reading,1,97.6,True,3,2,0.55,0.22,132.08,0.93,7,0.7,0.64,Verbal,Advanced
C088,65,M,High,Low,Low,C088_S12,2023-06-07,Counting,3,115.12,True,1,0,0.55,0.15,240.27,0.64,3,-0.72,0.46,Hands-on,Advanced
C088,65,M,High,Low,Low,C088_S13,2023-06-22,Reading,2,237.1,False,0,5,0.56,0.47,194.21,0.76,4,0.19,0.69,Mixed,On-track
C088,65,M,High,Low,Low,C088_S14,2023-02-04,Puzzle,1,34.5,True,1,0,0.47,0.82,186.99,0.55,7,-0.69,0.65,Visual,Advanced
C088,65,M,High,Low,Low,C088_S15,2023-06-28,Drawing,3,282.76,True,1,0,0.62,0.49,128.23,0.96,7,0.06,0.73,Mixed,On-track
C088,65,M,High,Low,Low,C088_S16,2023-06-16,Drawing,4,97.18,True,1,1,0.31,0.63,42.27,0.89,5,0.5,0.81,Hands-on,On-track
C088,65,M,High,Low,Low,C088_S17,2023-06-10,Drawing,2,72.84,True,1,3,0.89,0.39,273.24,0.67,1,0.05,0.3,Visual,At-risk
C088,65,M,High,Low,Low,C088_S18,2023-02-07,Reading,2,296.26,True,0,2,0.2,0.43,146.31,0.99,4,0.72,0.32,Verbal,On-track
C088,65,M,High,Low,Low,C088_S19,2023-02-09,Reading,3,272.36,True,1,3,0.85,0.49,265.66,0.63,4,0.99,0.92,Mixed,On-track
C088,65,M,High,Low,Low,C088_S20,2023-04-26,Drawing,5,187.5,False,0,6,0.27,0.42,258.92,0.92,5,-0.58,0.31,Visual,On-track
C089,46,F,Low,Medium,Low,C089_S01,2023-01-27,Reading,5,168.14,True,1,2,0.59,0.51,284.85,0.97,3,-0.39,0.38,Mixed,Advanced
C089,46,F,Low,Medium,Low,C089_S02,2023-05-29,Counting,2,225.41,True,1,2,0.44,0.45,63.46,0.54,6,0.01,0.47,Visual,On-track
C089,46,F,Low,Medium,Low,C089_S03,2023-05-12,Reading,1,57.52,True,0,3,0.55,0.43,220.59,0.69,8,-0.8,0.7,Visual,On-track
C089,46,F,Low,Medium,Low,C089_S04,2023-01-05,Reading,2,192.32,True,1,4,0.58,0.68,63.81,0.68,9,-0.4,0.97,Hands-on,On-track
C089,46,F,Low,Medium,Low,C089_S05,2023-03-10,Reading,5,210.73,False,0,1,0.47,0.63,168.71,0.51,5,-0.43,0.31,Mixed,On-track
C089,46,F,Low,Medium,Low,C089_S06,2023-06-09,Counting,2,152.26,True,0,2,0.52,0.67,290.49,1.0,12,-0.27,0.99,Verbal,On-track
C089,46,F,Low,Medium,Low,C089_S07,2023-02-11,Counting,3,196.45,True,0,0,0.54,0.99,82.86,0.77,9,-0.02,0.21,Hands-on,On-track
C089,46,F,Low,Medium,Low,C089_S08,2023-04-23,Drawing,3,187.56,True,1,4,0.28,0.93,146.91,0.58,5,0.31,0.29,Hands-on,On-track
C089,46,F,Low,Medium,Low,C089_S09,2023-06-25,Counting,4,164.23,True,0,2,0.28,0.61,203.85,0.75,5,0.21,0.71,Mixed,Advanced
C089,46,F,Low,Medium,Low,C089_S10,2023-06-18,Reading,4,218.85,False,1,1,0.28,0.36,94.27,1.0,6,-0.77,0.22,Visual,On-track
C089,46,F,Low,Medium,Low,C089_S11,2023-04-10,Reading,5,235.03,True,0,3,0.46,0.64,157.95,0.74,3,-0.39,0.54,Mixed,At-risk
C089,46,F,Low,Medium,Low,C089_S12,2023-04-03,Reading,5,180.34,True,0,2,0.42,0.3,207.49,0.53,6,-0.66,0.78,Mixed,Advanced
C089,46,F,Low,Medium,Low,C089_S13,2023-06-09,Drawing,1,56.55,False,0,1,0.88,0.48,299.04,0.87,3,-0.07,0.77,Verbal,At-risk
C089,46,F,Low,Medium,Low,C089_S14,2023-06-20,Reading,3,47.75,True,0,1,0.71,0.54,204.8,0.64,5,0.71,0.82,Visual,On-track
C089,46,F,Low,Medium,Low,C089_S15,2023-06-05,Reading,3,31.18,True,1,4,1.0,0.14,289.72,0.95,6,0.81,0.78,Visual,On-track
C089,46,F,Low,Medium,Low,C089_S16,2023-05-07,Counting,5,227.4,True,1,6,0.5,0.62,277.09,0.51,3,0.18,0.91,Visual,On-track
C089,46,F,Low,Medium,Low,C089_S17,2023-01-05,Counting,4,80.04,False,1,3,0.23,0.8,113.04,0.89,3,-0.52,0.33,Mixed,On-track
C089,46,F,Low,Medium,Low,C089_S18,2023-02-10,Drawing,1,183.65,True,3,1,0.21,0.65,161.38,0.88,3,-0.62,0.42,Mixed,Advanced
C089,46,F,Low,Medium,Low,C089_S19,2023-01-09,Puzzle,4,242.81,False,0,2,0.67,0.43,249.9,0.76,7,0.91,0.72,Verbal,On-track
C089,46,F,Low,Medium,Low,C089_S20,2023-02-28,Puzzle,4,57.63,True,2,3,0.24,0.84,167.43,0.78,2,-0.68,0.22,Hands-on,On-track
C090,50,F,Medium,Low,High,C090_S01,2023-03-10,Drawing,1,23.36,True,1,2,0.32,0.15,95.99,0.81,7,-0.15,0.72,Mixed,Advanced
C090,50,F,Medium,Low,High,C090_S02,2023-06-04,Puzzle,2,275.14,True,0,5,0.17,0.05,195.26,0.52,7,-0.24,0.31,Hands-on,Advanced
C090,50,F,Medium,Low,High,C090_S03,2023-04-23,Reading,2,156.2,False,0,3,0.63,0.18,38.24,0.67,4,-0.97,0.22,Mixed,At-risk
C090,50,F,Medium,Low,High,C090_S04,2023-01-28,Puzzle,2,118.46,True,1,0,0.28,0.9,218.83,0.9,2,0.71,0.37,Mixed,On-track
C090,50,F,Medium,Low,High,C090_S05,2023-01-27,Drawing,1,159.69,True,0,1,0.99,0.03,43.54,0.66,3,-0.84,0.69,Hands-on,Advanced
C090,50,F,Medium,Low,High,C090_S06,2023-04-03,Drawing,3,64.25,True,0,1,0.58,0.44,271.13,0.86,2,0.69,0.76,Hands-on,At-risk
C090,50,F,Medium,Low,High,C090_S07,2023-05-10,Reading,2,82.3,True,1,1,0.58,0.57,174.55,0.73,6,-0.94,0.46,Hands-on,On-track
C090,50,F,Medium,Low,High,C090_S08,2023-06-15,Counting,5,10.64,True,5,2,0.82,0.42,277.48,0.52,4,-0.03,0.95,Verbal,On-track
C090,50,F,Medium,Low,High,C090_S09,2023-02-21,Reading,3,109.67,True,1,3,0.5,0.11,255.32,0.94,7,0.09,0.89,Mixed,At-risk
C090,50,F,Medium,Low,High,C090_S10,2023-01-02,Drawing,4,270.62,True,2,6,0.76,0.98,172.0,0.63,6,-0.69,0.7,Mixed,On-track
C090,50,F,Medium,Low,High,C090_S11,2023-03-15,Drawing,3,108.02,True,0,5,0.28,0.72,143.83,0.87,3,-0.48,0.41,Visual,On-track
C090,50,F,Medium,Low,High,C090_S12,2023-04-17,Counting,3,159.59,True,0,1,0.7,0.15,295.78,0.58,8,0.01,0.79,Hands-on,On-track
C090,50,F,Medium,Low,High,C090_S13,2023-05-16,Reading,2,42.62,True,0,0,1.0,0.27,68.08,0.85,2,-0.82,0.24,Mixed,On-track
C090,50,F,Medium,Low,High,C090_S14,2023-04-20,Reading,3,90.38,True,2,1,0.68,0.13,70.15,0.66,4,-0.31,0.25,Mixed,Advanced
C090,50,F,Medium,Low,High,C090_S15,2023-05-13,Counting,3,273.73,True,1,1,0.7,0.32,41.17,0.59,4,-0.19,0.97,Mixed,On-track
C090,50,F,Medium,Low,High,C090_S16,2023-01-03,Puzzle,4,236.87,False,1,1,0.97,0.66,48.24,0.76,3,0.67,0.4,Visual,On-track
C090,50,F,Medium,Low,High,C090_S17,2023-02-12,Reading,3,32.2,False,0,4,0.16,0.53,65.0,0.73,5,-0.48,0.89,Visual,At-risk
C090,50,F,Medium,Low,High,C090_S18,2023-06-19,Drawing,5,238.87,True,1,1,0.45,0.16,135.53,0.65,5,0.38,0.74,Mixed,On-track
C090,50,F,Medium,Low,High,C090_S19,2023-06-11,Counting,2,117.36,True,0,2,0.52,0.02,167.07,0.56,3,-0.0,0.54,Verbal,Advanced
C090,50,F,Medium,Low,High,C090_S20,2023-06-29,Counting,2,184.17,False,1,2,0.46,0.79,256.28,0.74,5,-0.99,0.47,Hands-on,On-track
C091,49,F,Low,Medium,High,C091_S01,2023-06-06,Drawing,3,62.72,True,2,0,0.66,0.06,166.87,0.69,3,-0.51,0.84,Hands-on,On-track
C091,49,F,Low,Medium,High,C091_S02,2023-02-22,Reading,5,10.93,True,1,2,0.58,0.3,133.44,0.9,6,-0.3,0.35,Hands-on,Advanced
C091,49,F,Low,Medium,High,C091_S03,2023-06-16,Reading,3,220.51,True,0,1,0.4,0.4,239.83,0.65,2,-0.97,0.83,Mixed,Advanced
C091,49,F,Low,Medium,High,C091_S04,2023-01-22,Puzzle,3,176.01,True,0,4,0.3,0.54,93.69,0.52,5,-0.75,0.85,Hands-on,On-track
C091,49,F,Low,Medium,High,C091_S05,2023-02-02,Counting,5,134.16,False,0,3,0.59,0.55,278.91,0.51,3,0.42,0.59,Visual,On-track
C091,49,F,Low,Medium,High,C091_S06,2023-03-21,Counting,4,81.97,True,2,2,0.86,0.55,192.67,0.97,1,0.74,0.43,Mixed,On-track
C091,49,F,Low,Medium,High,C091_S07,2023-01-08,Counting,2,37.02,True,1,1,0.21,0.47,212.4,0.68,3,-0.86,0.45,Visual,At-risk
C091,49,F,Low,Medium,High,C091_S08,2023-04-19,Puzzle,3,46.37,False,1,0,0.74,0.73,290.18,0.63,4,0.52,0.3,Hands-on,Advanced
C091,49,F,Low,Medium,High,C091_S09,2023-03-08,Counting,4,125.85,True,0,0,0.96,0.06,165.26,0.96,6,0.62,0.28,Visual,At-risk
C091,49,F,Low,Medium,High,C091_S10,2023-02-01,Reading,3,91.91,True,0,0,0.67,0.85,48.16,0.55,4,0.09,0.89,Verbal,At-risk
C091,49,F,Low,Medium,High,C091_S11,2023-04-27,Counting,4,156.43,False,2,1,0.87,0.99,218.46,0.98,7,0.67,0.78,Mixed,Advanced
C091,49,F,Low,Medium,High,C091_S12,2023-05-29,Drawing,2,274.79,True,2,0,0.64,0.03,165.35,0.8,11,0.9,0.81,Verbal,On-track
C091,49,F,Low,Medium,High,C091_S13,2023-05-27,Drawing,1,185.46,True,1,1,0.98,0.89,208.22,0.93,5,0.39,0.55,Hands-on,On-track
C091,49,F,Low,Medium,High,C091_S14,2023-03-05,Puzzle,1,273.11,False,0,2,0.87,0.07,38.67,0.6,3,-0.18,0.32,Verbal,On-track
C091,49,F,Low,Medium,High,C091_S15,2023-04-03,Reading,4,53.21,True,0,2,0.54,0.0,262.94,0.51,1,0.95,0.88,Visual,At-risk
C091,49,F,Low,Medium,High,C091_S16,2023-04-16,Puzzle,4,259.63,True,0,3,0.14,0.79,204.85,0.91,5,-0.98,0.37,Visual,On-track
C091,49,F,Low,Medium,High,C091_S17,2023-02-03,Reading,5,48.14,True,1,3,0.78,0.24,212.32,0.56,5,-0.67,0.35,Visual,On-track
C091,49,F,Low,Medium,High,C091_S18,2023-06-23,Reading,4,226.05,False,2,0,0.6,0.98,208.39,0.69,3,-0.94,0.88,Hands-on,On-track
C091,49,F,Low,Medium,High,C091_S19,2023-04-12,Counting,1,267.76,False,0,3,0.5,0.04,40.82,0.97,9,-0.16,0.92,Hands-on,At-risk
C091,49,F,Low,Medium,High,C091_S20,2023-04-23,Reading,1,123.53,True,1,3,0.8,0.5,74.01,0.66,6,0.89,0.45,Hands-on,On-track
C092,48,M,Low,High,Low,C092_S01,2023-05-05,Reading,3,270.07,True,2,3,0.97,0.62,169.62,0.94,7,-0.67,0.31,Visual,At-risk
C092,48,M,Low,High,Low,C092_S02,2023-05-16,Puzzle,4,216.15,True,1,1,0.43,0.07,278.2,0.74,8,0.41,0.5,Hands-on,On-track
C092,48,M,Low,High,Low,C092_S03,2023-01-09,Drawing,4,193.28,True,1,3,0.64,0.22,180.11,0.58,5,-0.0,0.4,Mixed,On-track
C092,48,M,Low,High,Low,C092_S04,2023-01-31,Reading,4,31.42,True,1,3,0.26,0.95,54.3,0.68,5,-0.2,0.42,Visual,On-track
C092,48,M,Low,High,Low,C092_S05,2023-03-16,Puzzle,2,165.28,False,1,2,0.25,0.75,142.22,0.96,6,0.89,0.46,Hands-on,On-track
C092,48,M,Low,High,Low,C092_S06,2023-03-20,Counting,2,52.57,True,0,4,0.98,0.99,51.15,0.88,4,0.04,0.47,Verbal,On-track
C092,48,M,Low,High,Low,C092_S07,2023-02-06,Drawing,5,159.21,True,0,3,0.96,0.27,245.58,0.6,5,-0.04,0.37,Mixed,On-track
C092,48,M,Low,High,Low,C092_S08,2023-03-20,Counting,5,15.74,True,1,0,0.14,0.5,237.29,0.98,3,-0.34,0.71,Visual,Advanced
C092,48,M,Low,High,Low,C092_S09,2023-05-06,Puzzle,4,269.89,True,1,6,0.86,0.28,146.65,0.78,3,0.76,0.25,Visual,On-track
C092,48,M,Low,High,Low,C092_S10,2023-01-12,Reading,5,123.95,True,1,2,0.83,0.57,240.72,0.96,2,-0.19,0.39,Verbal,On-track
C092,48,M,Low,High,Low,C092_S11,2023-04-26,Counting,4,270.92,True,1,3,0.53,0.88,222.8,0.94,4,-0.77,0.63,Mixed,On-track
C092,48,M,Low,High,Low,C092_S12,2023-06-05,Drawing,5,120.83,True,1,3,0.72,0.66,178.81,0.66,9,0.22,0.79,Mixed,On-track
C092,48,M,Low,High,Low,C092_S13,2023-04-28,Reading,3,249.89,False,0,3,0.95,0.69,127.18,1.0,7,0.19,0.4,Hands-on,On-track
C092,48,M,Low,High,Low,C092_S14,2023-03-25,Puzzle,5,13.79,True,2,0,0.42,0.81,77.23,0.94,4,0.32,0.67,Mixed,At-risk
C092,48,M,Low,High,Low,C092_S15,2023-04-15,Reading,1,105.26,True,1,3,0.69,0.48,204.37,0.57,9,-0.49,0.84,Visual,On-track
C092,48,M,Low,High,Low,C092_S16,2023-05-19,Puzzle,4,264.07,True,0,1,0.68,0.45,184.71,0.99,3,0.04,0.8,Mixed,Advanced
C092,48,M,Low,High,Low,C092_S17,2023-03-13,Puzzle,2,115.64,True,0,1,0.29,0.72,114.58,0.58,6,-0.09,0.83,Mixed,At-risk
C092,48,M,Low,High,Low,C092_S18,2023-05-27,Counting,4,54.14,True,1,1,0.91,0.42,189.56,0.55,1,-0.15,0.99,Hands-on,On-track
C092,48,M,Low,High,Low,C092_S19,2023-05-24,Puzzle,5,193.54,False,1,1,0.27,0.42,252.97,0.56,3,0.01,0.44,Visual,At-risk
C092,48,M,Low,High,Low,C092_S20,2023-05-28,Puzzle,3,90.51,False,1,2,0.56,0.68,154.18,0.54,1,-0.7,0.92,Mixed,On-track
C093,69,F,High,Low,Low,C093_S01,2023-06-18,Drawing,1,124.34,True,2,1,0.43,0.35,65.6,0.96,4,-0.71,0.97,Mixed,On-track
C093,69,F,High,Low,Low,C093_S02,2023-02-22,Drawing,5,207.6,False,0,5,0.77,0.59,40.34,0.61,2,-0.16,0.34,Mixed,Advanced
C093,69,F,High,Low,Low,C093_S03,2023-05-29,Reading,1,253.08,True,3,2,0.9,0.58,252.29,0.76,4,0.57,0.82,Visual,On-track
C093,69,F,High,Low,Low,C093_S04,2023-03-24,Reading,5,86.41,True,0,3,0.86,0.62,109.23,0.86,7,0.57,0.25,Hands-on,On-track
C093,69,F,High,Low,Low,C093_S05,2023-01-06,Counting,5,250.76,True,0,2,0.5,0.34,54.86,0.87,6,-0.01,0.72,Verbal,On-track
C093,69,F,High,Low,Low,C093_S06,2023-05-16,Counting,3,213.73,True,1,1,0.49,0.77,70.0,0.97,7,-0.26,0.22,Verbal,On-track
C093,69,F,High,Low,Low,C093_S07,2023-01-26,Drawing,3,30.92,False,1,1,0.43,0.51,236.67,0.75,2,-0.68,0.82,Verbal,On-track
C093,69,F,High,Low,Low,C093_S08,2023-01-23,Drawing,4,164.79,True,2,2,0.53,0.98,291.18,0.5,6,0.85,0.65,Verbal,On-track
C093,69,F,High,Low,Low,C093_S09,2023-02-13,Puzzle,3,185.33,False,3,1,0.46,0.68,45.11,0.76,4,0.33,0.36,Hands-on,On-track
C093,69,F,High,Low,Low,C093_S10,2023-01-07,Puzzle,4,27.04,False,0,2,0.38,0.43,97.64,0.98,6,-0.61,0.48,Verbal,On-track
C093,69,F,High,Low,Low,C093_S11,2023-02-06,Reading,2,86.56,True,2,2,0.71,0.13,117.12,0.61,5,0.77,0.63,Mixed,On-track
C093,69,F,High,Low,Low,C093_S12,2023-01-31,Puzzle,5,39.89,True,0,2,0.66,0.87,218.29,0.76,8,-0.59,0.23,Visual,At-risk
C093,69,F,High,Low,Low,C093_S13,2023-05-31,Drawing,4,27.82,True,0,4,0.58,0.32,163.33,0.78,2,0.55,0.66,Verbal,At-risk
C093,69,F,High,Low,Low,C093_S14,2023-04-09,Puzzle,5,240.67,True,1,5,0.95,0.55,165.75,0.65,0,-0.88,0.41,Verbal,On-track
C093,69,F,High,Low,Low,C093_S15,2023-05-22,Reading,5,34.24,False,1,1,0.87,0.46,78.15,0.58,8,0.03,0.26,Visual,On-track
C093,69,F,High,Low,Low,C093_S16,2023-06-12,Drawing,2,144.71,True,0,3,0.21,0.28,166.45,0.93,7,-0.85,0.54,Mixed,On-track
C093,69,F,High,Low,Low,C093_S17,2023-05-22,Puzzle,1,182.47,True,1,1,0.95,0.59,244.86,0.58,3,0.56,0.55,Visual,On-track
C093,69,F,High,Low,Low,C093_S18,2023-02-02,Counting,4,220.78,True,0,3,0.42,0.31,267.64,0.63,4,-0.13,0.51,Hands-on,On-track
C093,69,F,High,Low,Low,C093_S19,2023-06-12,Drawing,2,263.39,False,0,3,0.98,0.06,104.51,0.87,9,-0.83,0.95,Mixed,On-track
C093,69,F,High,Low,Low,C093_S20,2023-05-19,Drawing,4,131.97,False,2,0,0.32,0.31,177.99,0.94,2,-0.93,0.27,Mixed,On-track
C094,49,F,High,Medium,Low,C094_S01,2023-01-01,Reading,3,268.04,True,0,2,0.13,0.55,52.19,0.91,4,-0.59,0.36,Mixed,At-risk
C094,49,F,High,Medium,Low,C094_S02,2023-06-17,Drawing,3,22.33,True,2,2,0.47,0.73,210.29,0.61,9,0.63,0.36,Visual,Advanced
C094,49,F,High,Medium,Low,C094_S03,2023-05-04,Counting,4,225.84,False,2,0,0.97,0.76,258.84,0.62,4,-0.7,0.84,Hands-on,Advanced
C094,49,F,High,Medium,Low,C094_S04,2023-04-08,Counting,3,260.86,True,1,2,0.58,0.92,275.33,0.62,2,-0.0,0.38,Mixed,On-track
C094,49,F,High,Medium,Low,C094_S05,2023-05-11,Counting,1,122.4,True,2,3,0.52,0.21,115.68,0.73,5,-0.19,0.38,Visual,At-risk
C094,49,F,High,Medium,Low,C094_S06,2023-05-25,Puzzle,5,267.88,False,0,4,0.41,0.68,177.1,0.96,5,-0.98,0.98,Verbal,On-track
C094,49,F,High,Medium,Low,C094_S07,2023-02-01,Drawing,4,99.98,True,1,1,0.26,0.3,61.14,0.54,6,0.8,1.0,Hands-on,Advanced
C094,49,F,High,Medium,Low,C094_S08,2023-04-21,Drawing,1,42.28,True,0,1,0.19,0.55,187.49,0.88,3,0.56,0.72,Hands-on,Advanced
C094,49,F,High,Medium,Low,C094_S09,2023-03-23,Counting,3,64.52,False,0,3,0.29,0.41,169.14,0.68,7,-0.38,0.65,Hands-on,Advanced
C094,49,F,High,Medium,Low,C094_S10,2023-04-26,Counting,2,281.82,True,1,2,0.95,0.62,92.16,0.69,5,-0.79,0.44,Visual,Advanced
C094,49,F,High,Medium,Low,C094_S11,2023-03-29,Drawing,2,37.36,True,0,3,0.69,0.63,169.77,0.69,5,0.22,0.91,Verbal,On-track
C094,49,F,High,Medium,Low,C094_S12,2023-01-05,Drawing,4,294.09,True,0,1,0.28,0.51,245.69,0.94,3,-0.79,0.68,Hands-on,On-track
C094,49,F,High,Medium,Low,C094_S13,2023-05-02,Puzzle,5,204.65,True,1,0,0.82,0.92,134.58,0.87,3,0.21,0.23,Mixed,At-risk
C094,49,F,High,Medium,Low,C094_S14,2023-04-16,Reading,5,25.23,True,3,3,0.83,0.64,186.77,0.86,4,-0.74,0.41,Mixed,On-track
C094,49,F,High,Medium,Low,C094_S15,2023-06-16,Puzzle,4,273.7,True,1,4,0.17,0.18,103.93,0.88,5,-0.84,0.51,Hands-on,Advanced
C094,49,F,High,Medium,Low,C094_S16,2023-06-21,Reading,2,139.03,True,2,3,0.91,0.92,43.76,0.5,5,-0.48,0.98,Hands-on,On-track
C094,49,F,High,Medium,Low,C094_S17,2023-04-07,Counting,5,203.01,True,0,4,0.45,0.06,163.34,0.62,2,0.16,0.6,Verbal,Advanced
C094,49,F,High,Medium,Low,C094_S18,2023-06-28,Puzzle,1,87.61,True,3,3,0.45,0.28,220.53,0.94,6,0.52,0.45,Visual,On-track
C094,49,F,High,Medium,Low,C094_S19,2023-02-19,Reading,4,232.03,False,0,3,0.14,0.71,229.19,0.53,3,-0.71,0.28,Visual,At-risk
C094,49,F,High,Medium,Low,C094_S20,2023-03-13,Counting,5,184.02,False,1,1,0.51,0.42,211.21,0.67,4,-0.1,0.96,Visual,Advanced
C095,56,F,High,Low,Low,C095_S01,2023-05-07,Counting,5,16.43,True,0,4,0.84,0.69,293.57,0.73,3,0.47,0.63,Visual,On-track
C095,56,F,High,Low,Low,C095_S02,2023-06-30,Drawing,2,78.5,False,1,1,0.21,0.54,95.77,0.73,9,-0.37,0.98,Visual,Advanced
C095,56,F,High,Low,Low,C095_S03,2023-06-13,Reading,3,281.6,False,1,2,0.13,0.42,144.79,0.53,7,-0.71,0.65,Visual,On-track
C095,56,F,High,Low,Low,C095_S04,2023-05-09,Reading,4,179.31,True,1,2,0.28,0.25,208.31,0.56,2,-0.75,0.89,Visual,On-track
C095,56,F,High,Low,Low,C095_S05,2023-05-25,Drawing,2,143.27,True,3,1,0.87,0.29,43.4,0.93,5,-0.95,0.68,Visual,On-track
C095,56,F,High,Low,Low,C095_S06,2023-01-17,Drawing,1,266.81,True,1,3,0.62,0.42,180.83,0.57,8,-0.61,0.8,Verbal,On-track
C095,56,F,High,Low,Low,C095_S07,2023-02-28,Counting,1,248.41,True,1,2,0.38,0.94,86.99,0.92,6,0.58,0.93,Visual,At-risk
C095,56,F,High,Low,Low,C095_S08,2023-06-27,Counting,2,65.82,False,0,2,0.73,0.76,269.78,0.64,8,-0.31,0.32,Hands-on,Advanced
C095,56,F,High,Low,Low,C095_S09,2023-01-01,Reading,3,105.61,False,0,1,0.95,0.45,57.57,0.84,7,-0.44,0.56,Hands-on,Advanced
C095,56,F,High,Low,Low,C095_S10,2023-01-14,Counting,1,205.93,True,0,2,0.8,0.19,32.72,0.95,3,-0.6,0.32,Verbal,Advanced
C095,56,F,High,Low,Low,C095_S11,2023-03-12,Puzzle,4,35.97,True,0,0,0.29,0.63,37.63,0.8,5,0.94,0.99,Hands-on,On-track
C095,56,F,High,Low,Low,C095_S12,2023-04-03,Puzzle,5,219.8,True,1,1,0.23,0.28,43.21,0.6,3,-0.36,0.8,Mixed,On-track
C095,56,F,High,Low,Low,C095_S13,2023-03-13,Reading,4,193.07,True,0,2,0.51,0.59,172.12,0.57,4,0.6,0.46,Hands-on,On-track
C095,56,F,High,Low,Low,C095_S14,2023-04-11,Drawing,5,178.7,True,2,4,0.64,0.35,283.04,0.67,7,0.3,0.3,Verbal,Advanced
C095,56,F,High,Low,Low,C095_S15,2023-01-07,Drawing,1,163.92,True,2,5,0.53,0.13,242.07,0.52,7,-0.26,0.57,Mixed,On-track
C095,56,F,High,Low,Low,C095_S16,2023-01-20,Drawing,3,155.85,True,0,1,0.33,0.76,122.49,0.53,7,0.26,0.61,Visual,On-track
C095,56,F,High,Low,Low,C095_S17,2023-01-17,Puzzle,2,241.79,True,1,2,0.58,0.71,195.52,0.71,5,-0.23,0.21,Visual,On-track
C095,56,F,High,Low,Low,C095_S18,2023-01-07,Counting,1,113.63,False,5,1,0.75,0.23,253.75,0.78,6,0.09,0.62,Mixed,On-track
C095,56,F,High,Low,Low,C095_S19,2023-05-02,Drawing,3,296.1,True,1,0,0.99,0.48,261.44,0.92,6,0.97,0.66,Mixed,Advanced
C095,56,F,High,Low,Low,C095_S20,2023-03-27,Drawing,4,209.06,True,1,3,0.68,0.33,296.1,0.94,5,0.74,0.67,Mixed,At-risk
C096,45,F,Low,High,Moderate,C096_S01,2023-05-29,Puzzle,2,17.42,False,1,3,0.91,0.09,157.74,0.83,6,0.67,0.56,Visual,On-track
C096,45,F,Low,High,Moderate,C096_S02,2023-01-09,Reading,5,16.75,True,0,1,0.76,0.88,86.94,0.58,5,0.33,0.6,Verbal,Advanced
C096,45,F,Low,High,Moderate,C096_S03,2023-01-17,Drawing,3,179.3,True,0,3,0.15,0.27,227.42,0.8,5,0.66,0.7,Visual,Advanced
C096,45,F,Low,High,Moderate,C096_S04,2023-01-15,Counting,3,229.58,True,2,1,0.68,0.03,164.91,0.54,4,0.57,0.55,Hands-on,On-track
C096,45,F,Low,High,Moderate,C096_S05,2023-01-27,Puzzle,3,280.02,True,0,1,0.62,0.7,86.76,0.92,9,0.04,0.82,Hands-on,On-track
C096,45,F,Low,High,Moderate,C096_S06,2023-04-08,Reading,4,82.03,True,1,1,0.97,0.19,126.41,0.74,7,0.53,0.5,Visual,At-risk
C096,45,F,Low,High,Moderate,C096_S07,2023-03-01,Puzzle,2,11.02,False,1,3,0.51,0.47,246.61,0.96,4,0.76,0.54,Verbal,On-track
C096,45,F,Low,High,Moderate,C096_S08,2023-04-20,Puzzle,4,74.06,True,1,3,0.93,0.46,58.96,0.51,5,-0.56,0.26,Verbal,Advanced
C096,45,F,Low,High,Moderate,C096_S09,2023-01-07,Reading,1,203.12,True,1,2,0.34,0.41,114.83,0.68,6,-0.03,0.31,Hands-on,On-track
C096,45,F,Low,High,Moderate,C096_S10,2023-01-28,Puzzle,4,146.46,True,0,1,0.78,0.8,104.6,0.62,3,0.36,0.32,Visual,At-risk
C096,45,F,Low,High,Moderate,C096_S11,2023-06-01,Drawing,2,48.18,True,1,1,0.75,0.41,57.85,0.98,7,-0.75,0.54,Mixed,On-track
C096,45,F,Low,High,Moderate,C096_S12,2023-05-11,Counting,5,143.97,True,1,1,0.69,0.03,175.9,0.89,4,-0.36,0.92,Verbal,On-track
C096,45,F,Low,High,Moderate,C096_S13,2023-06-08,Reading,3,153.57,True,1,3,0.59,0.96,209.89,0.91,4,-0.03,0.61,Visual,On-track
C096,45,F,Low,High,Moderate,C096_S14,2023-01-12,Puzzle,2,106.25,True,0,2,0.78,0.83,274.92,0.77,6,-0.96,0.54,Visual,On-track
C096,45,F,Low,High,Moderate,C096_S15,2023-05-12,Counting,5,34.02,True,0,1,0.61,0.65,69.85,0.74,11,-0.19,0.36,Verbal,Advanced
C096,45,F,Low,High,Moderate,C096_S16,2023-02-07,Drawing,2,137.69,True,0,2,0.99,0.21,140.37,0.52,6,0.08,0.29,Verbal,At-risk
C096,45,F,Low,High,Moderate,C096_S17,2023-03-16,Counting,1,258.2,True,2,3,0.78,0.68,226.96,0.63,4,-0.7,0.54,Mixed,On-track
C096,45,F,Low,High,Moderate,C096_S18,2023-06-18,Drawing,1,260.76,True,0,2,0.43,0.58,91.05,0.52,2,0.17,0.24,Visual,On-track
C096,45,F,Low,High,Moderate,C096_S19,2023-05-24,Puzzle,1,67.77,False,1,2,0.22,0.43,173.24,0.97,5,0.02,0.8,Verbal,On-track
C096,45,F,Low,High,Moderate,C096_S20,2023-02-21,Drawing,2,143.09,True,1,1,0.2,0.92,36.68,0.55,3,-0.74,0.84,Mixed,On-track
C097,37,F,High,High,Moderate,C097_S01,2023-06-03,Counting,4,40.23,True,2,2,0.3,0.41,236.08,0.74,6,0.38,0.83,Mixed,On-track
C097,37,F,High,High,Moderate,C097_S02,2023-03-27,Counting,2,201.63,False,2,3,0.89,0.68,202.24,0.86,7,0.45,0.3,Verbal,On-track
C097,37,F,High,High,Moderate,C097_S03,2023-04-27,Puzzle,4,284.44,True,1,4,0.63,0.4,258.31,0.69,3,-0.17,0.33,Verbal,Advanced
C097,37,F,High,High,Moderate,C097_S04,2023-06-13,Drawing,3,285.67,True,0,1,0.19,0.85,108.14,0.84,3,-0.31,0.62,Hands-on,On-track
C097,37,F,High,High,Moderate,C097_S05,2023-02-24,Drawing,3,52.32,False,1,1,0.64,0.76,164.32,0.59,3,-0.5,0.22,Verbal,At-risk
C097,37,F,High,High,Moderate,C097_S06,2023-03-26,Reading,3,65.2,True,1,4,0.81,0.49,285.27,0.66,8,0.07,0.48,Visual,On-track
C097,37,F,High,High,Moderate,C097_S07,2023-01-02,Counting,1,247.16,True,0,0,0.78,0.45,139.49,0.57,8,-0.1,0.9,Visual,On-track
C097,37,F,High,High,Moderate,C097_S08,2023-05-23,Puzzle,2,244.75,True,1,0,0.22,0.22,214.26,0.62,6,-0.74,0.53,Visual,On-track
C097,37,F,High,High,Moderate,C097_S09,2023-06-11,Counting,4,79.87,True,4,3,0.53,0.21,149.37,0.86,11,-0.24,0.81,Visual,On-track
C097,37,F,High,High,Moderate,C097_S10,2023-02-20,Counting,1,113.68,True,2,1,0.93,0.55,186.26,0.5,7,0.59,0.77,Visual,Advanced
C097,37,F,High,High,Moderate,C097_S11,2023-02-14,Counting,4,10.24,True,0,5,0.55,0.8,202.92,0.6,3,-0.54,0.87,Mixed,On-track
C097,37,F,High,High,Moderate,C097_S12,2023-02-20,Puzzle,3,18.42,True,0,1,0.14,0.05,88.56,0.79,3,-0.63,0.8,Visual,On-track
C097,37,F,High,High,Moderate,C097_S13,2023-01-26,Puzzle,3,151.59,True,0,1,0.99,0.82,199.05,0.61,6,-0.28,0.31,Mixed,On-track
C097,37,F,High,High,Moderate,C097_S14,2023-06-17,Puzzle,3,288.08,True,0,2,0.55,0.07,169.2,0.57,3,-0.8,0.43,Verbal,On-track
C097,37,F,High,High,Moderate,C097_S15,2023-04-27,Drawing,5,281.5,True,0,3,0.9,0.99,43.49,0.78,7,0.69,0.49,Verbal,On-track
C097,37,F,High,High,Moderate,C097_S16,2023-02-13,Reading,5,237.5,True,1,6,0.91,0.78,89.84,0.96,5,0.94,0.47,Mixed,On-track
C097,37,F,High,High,Moderate,C097_S17,2023-02-06,Drawing,2,109.08,True,6,3,0.16,0.95,184.65,0.62,5,-0.85,0.67,Mixed,On-track
C097,37,F,High,High,Moderate,C097_S18,2023-04-07,Counting,5,153.6,False,0,1,0.42,0.89,242.15,0.69,3,0.49,0.74,Verbal,On-track
C097,37,F,High,High,Moderate,C097_S19,2023-06-12,Drawing,1,61.71,True,0,1,0.64,0.6,47.83,0.87,6,-1.0,0.97,Mixed,At-risk
C097,37,F,High,High,Moderate,C097_S20,2023-05-31,Drawing,5,115.54,True,1,1,0.7,0.38,267.1,0.76,1,0.41,0.52,Mixed,On-track
C098,49,M,Medium,Low,Low,C098_S01,2023-06-11,Counting,5,265.89,True,2,2,0.53,0.65,33.75,0.81,6,-0.75,0.23,Mixed,Advanced
C098,49,M,Medium,Low,Low,C098_S02,2023-05-30,Reading,2,54.33,True,2,1,0.29,0.83,159.16,0.62,3,-0.55,0.48,Visual,On-track
C098,49,M,Medium,Low,Low,C098_S03,2023-05-01,Puzzle,5,36.48,True,3,1,0.41,0.64,143.95,0.91,6,0.23,0.95,Visual,On-track
C098,49,M,Medium,Low,Low,C098_S04,2023-06-15,Counting,1,102.77,False,0,1,0.8,0.9,151.98,0.64,6,-0.81,0.75,Verbal,On-track
C098,49,M,Medium,Low,Low,C098_S05,2023-03-24,Counting,5,123.19,True,0,0,0.16,0.45,94.9,0.53,7,-0.05,0.71,Hands-on,On-track
C098,49,M,Medium,Low,Low,C098_S06,2023-05-07,Reading,3,201.32,True,2,1,0.35,0.66,115.11,0.67,4,0.11,0.34,Verbal,On-track
C098,49,M,Medium,Low,Low,C098_S07,2023-05-30,Puzzle,3,30.52,False,2,0,0.57,0.12,213.5,0.75,6,0.7,0.47,Visual,Advanced
C098,49,M,Medium,Low,Low,C098_S08,2023-04-26,Drawing,4,63.74,True,1,0,0.85,0.76,214.61,0.96,2,-0.36,0.27,Verbal,On-track
C098,49,M,Medium,Low,Low,C098_S09,2023-04-07,Drawing,1,127.72,True,0,1,0.85,0.96,66.66,0.69,7,-0.78,0.95,Mixed,On-track
C098,49,M,Medium,Low,Low,C098_S10,2023-05-21,Puzzle,1,51.18,True,2,4,0.99,0.17,157.69,0.67,3,-0.14,0.74,Visual,On-track
C098,49,M,Medium,Low,Low,C098_S11,2023-04-24,Counting,3,240.72,True,3,3,0.77,0.31,158.25,0.55,2,0.25,0.93,Visual,On-track
C098,49,M,Medium,Low,Low,C098_S12,2023-05-12,Counting,5,137.02,True,0,0,0.4,0.23,107.0,0.57,6,0.51,0.51,Verbal,On-track
C098,49,M,Medium,Low,Low,C098_S13,2023-04-15,Counting,4,250.87,False,0,1,0.42,0.73,94.01,0.56,8,0.92,0.55,Mixed,On-track
C098,49,M,Medium,Low,Low,C098_S14,2023-04-08,Puzzle,4,233.03,True,1,3,0.82,0.43,49.19,0.84,7,-0.54,0.39,Visual,On-track
C098,49,M,Medium,Low,Low,C098_S15,2023-06-15,Puzzle,5,141.69,True,2,3,0.75,0.51,218.62,0.98,6,-0.02,0.77,Verbal,On-track
C098,49,M,Medium,Low,Low,C098_S16,2023-05-09,Puzzle,4,121.14,True,1,1,0.47,0.57,278.63,0.96,4,-0.1,0.84,Mixed,Advanced
C098,49,M,Medium,Low,Low,C098_S17,2023-01-26,Puzzle,4,23.01,True,3,3,0.48,0.94,60.46,0.83,3,0.03,0.5,Visual,On-track
C098,49,M,Medium,Low,Low,C098_S18,2023-02-21,Counting,2,130.15,True,2,0,0.92,0.22,132.34,0.77,10,-0.12,0.71,Visual,On-track
C098,49,M,Medium,Low,Low,C098_S19,2023-03-19,Counting,2,297.66,True,2,2,0.93,0.72,167.91,0.97,6,-0.63,0.37,Visual,At-risk
C098,49,M,Medium,Low,Low,C098_S20,2023-02-05,Counting,5,102.16,True,0,4,0.38,0.33,204.02,0.75,11,-0.29,0.91,Visual,On-track
C099,38,F,Medium,Medium,High,C099_S01,2023-06-17,Puzzle,1,156.19,True,2,3,0.27,0.04,154.58,0.76,2,-0.87,0.24,Verbal,On-track
C099,38,F,Medium,Medium,High,C099_S02,2023-02-08,Reading,3,58.5,True,0,2,0.66,0.84,160.53,0.66,6,-0.72,0.48,Visual,At-risk
C099,38,F,Medium,Medium,High,C099_S03,2023-02-23,Reading,4,29.44,True,1,1,0.73,0.13,287.94,0.67,7,-0.64,0.68,Visual,On-track
C099,38,F,Medium,Medium,High,C099_S04,2023-05-22,Reading,1,27.97,True,3,1,0.85,0.1,282.13,0.67,7,-0.42,0.77,Hands-on,On-track
C099,38,F,Medium,Medium,High,C099_S05,2023-01-22,Counting,2,108.93,True,1,0,0.81,0.59,162.13,0.84,7,-0.33,0.75,Mixed,On-track
C099,38,F,Medium,Medium,High,C099_S06,2023-06-28,Reading,3,230.19,True,1,1,0.26,0.33,135.68,0.72,6,0.89,0.91,Visual,On-track
C099,38,F,Medium,Medium,High,C099_S07,2023-05-23,Puzzle,3,219.67,True,0,2,0.32,0.54,221.1,0.9,8,0.44,0.26,Verbal,On-track
C099,38,F,Medium,Medium,High,C099_S08,2023-02-02,Counting,2,288.89,True,0,2,0.68,0.13,292.64,0.64,3,-0.76,0.62,Mixed,On-track
C099,38,F,Medium,Medium,High,C099_S09,2023-06-18,Counting,4,246.59,True,0,1,0.42,0.35,113.6,0.88,5,0.51,0.68,Verbal,On-track
C099,38,F,Medium,Medium,High,C099_S10,2023-06-25,Reading,4,98.94,True,2,3,0.43,0.81,65.96,0.57,2,-0.22,0.28,Mixed,At-risk
C099,38,F,Medium,Medium,High,C099_S11,2023-03-18,Counting,1,277.58,True,1,1,0.19,0.45,195.16,0.97,6,0.21,0.71,Hands-on,On-track
C099,38,F,Medium,Medium,High,C099_S12,2023-01-09,Drawing,5,51.97,True,0,0,0.74,0.02,129.46,0.57,5,-0.38,0.85,Visual,Advanced
C099,38,F,Medium,Medium,High,C099_S13,2023-03-26,Reading,2,274.88,True,3,3,0.84,0.95,140.77,0.85,3,0.35,0.67,Mixed,On-track
C099,38,F,Medium,Medium,High,C099_S14,2023-04-11,Puzzle,4,84.68,True,1,1,0.63,0.04,149.58,0.77,4,-0.77,0.9,Hands-on,On-track
C099,38,F,Medium,Medium,High,C099_S15,2023-01-28,Counting,4,253.5,True,2,9,0.76,0.92,144.05,0.51,6,0.2,0.51,Hands-on,On-track
C099,38,F,Medium,Medium,High,C099_S16,2023-03-19,Puzzle,4,222.9,True,1,3,0.96,0.03,90.3,0.52,6,-0.26,0.43,Visual,At-risk
C099,38,F,Medium,Medium,High,C099_S17,2023-02-15,Puzzle,1,234.27,True,0,3,0.55,0.49,279.52,0.77,3,0.11,0.51,Mixed,At-risk
C099,38,F,Medium,Medium,High,C099_S18,2023-01-07,Drawing,4,15.9,True,1,0,0.55,0.98,47.32,0.54,6,0.81,0.98,Visual,Advanced
C099,38,F,Medium,Medium,High,C099_S19,2023-04-09,Counting,1,179.55,True,0,2,0.1,0.84,191.91,0.58,4,0.67,0.55,Visual,On-track
C099,38,F,Medium,Medium,High,C099_S20,2023-05-15,Puzzle,4,171.77,True,3,3,0.93,0.98,136.82,0.86,4,0.23,0.94,Verbal,On-track
C100,41,M,Low,Medium,Moderate,C100_S01,2023-04-11,Drawing,4,101.1,True,0,1,0.36,0.24,204.15,0.76,2,0.36,0.29,Mixed,On-track
C100,41,M,Low,Medium,Moderate,C100_S02,2023-04-18,Reading,1,188.85,False,0,2,0.99,0.98,115.27,0.57,5,0.89,0.55,Hands-on,On-track
C100,41,M,Low,Medium,Moderate,C100_S03,2023-02-22,Drawing,4,91.51,True,2,1,0.65,0.61,132.84,0.66,4,-0.08,0.8,Mixed,On-track
C100,41,M,Low,Medium,Moderate,C100_S04,2023-06-20,Reading,1,149.33,True,1,3,0.13,0.38,193.12,0.92,3,0.43,0.52,Visual,On-track
C100,41,M,Low,Medium,Moderate,C100_S05,2023-03-21,Drawing,4,95.09,False,2,2,0.56,0.49,236.01,0.93,7,-0.58,0.33,Hands-on,At-risk
C100,41,M,Low,Medium,Moderate,C100_S06,2023-03-12,Drawing,3,235.59,True,1,2,0.13,0.95,127.7,0.96,5,-0.38,0.59,Visual,On-track
C100,41,M,Low,Medium,Moderate,C100_S07,2023-01-17,Reading,1,216.39,True,0,4,0.42,0.72,34.56,0.82,4,-0.26,0.77,Hands-on,On-track
C100,41,M,Low,Medium,Moderate,C100_S08,2023-03-26,Reading,1,30.42,True,0,3,0.52,0.28,50.69,0.84,4,-0.43,0.48,Verbal,On-track
C100,41,M,Low,Medium,Moderate,C100_S09,2023-01-24,Counting,4,43.31,True,2,4,0.69,0.8,218.81,0.96,4,0.64,0.88,Hands-on,Advanced
C100,41,M,Low,Medium,Moderate,C100_S10,2023-03-30,Counting,1,76.68,True,0,3,0.75,0.71,191.23,0.81,4,-0.3,0.3,Verbal,Advanced
C100,41,M,Low,Medium,Moderate,C100_S11,2023-02-14,Reading,5,16.57,False,1,2,0.1,0.03,126.59,0.56,2,0.01,0.34,Visual,Advanced
C100,41,M,Low,Medium,Moderate,C100_S12,2023-04-21,Reading,2,188.47,True,0,1,0.97,0.27,81.62,0.61,6,-0.99,0.75,Verbal,At-risk
C100,41,M,Low,Medium,Moderate,C100_S13,2023-06-28,Puzzle,3,248.71,False,0,2,0.94,0.52,204.27,0.59,3,0.67,0.63,Verbal,Advanced
C100,41,M,Low,Medium,Moderate,C100_S14,2023-03-03,Drawing,4,222.65,True,0,2,0.1,0.97,146.47,0.7,2,-0.33,0.54,Verbal,At-risk
C100,41,M,Low,Medium,Moderate,C100_S15,2023-03-16,Puzzle,2,21.89,True,2,0,0.14,0.16,293.47,0.7,8,-0.58,0.8,Hands-on,At-risk
C100,41,M,Low,Medium,Moderate,C100_S16,2023-02-25,Reading,3,105.74,True,1,2,0.58,0.85,38.57,0.67,8,-0.15,0.21,Verbal,At-risk
C100,41,M,Low,Medium,Moderate,C100_S17,2023-02-01,Counting,5,286.51,True,3,0,0.32,0.35,294.91,0.89,7,-0.39,0.27,Visual,On-track
C100,41,M,Low,Medium,Moderate,C100_S18,2023-03-25,Reading,2,131.54,True,2,2,0.15,0.67,164.93,0.64,8,-0.88,0.31,Verbal,On-track
C100,41,M,Low,Medium,Moderate,C100_S19,2023-05-10,Puzzle,2,141.8,True,2,3,0.78,0.19,127.27,0.84,3,-0.52,0.25,Verbal,On-track
C100,41,M,Low,Medium,Moderate,C100_S20,2023-06-27,Reading,2,274.34,True,0,2,0.56,0.27,135.84,0.86,2,0.61,0.78,Verbal,At-risk
